StudyHours,Attendance,Resources,Extracurricular,Motivation,Internet,Gender,Age,LearningStyle,OnlineCourses,Discussions,AssignmentCompletion,ExamScore,EduTech,StressLevel,FinalGrade
9,78,1,1,0,1,1,22,3,11,1,62,57,0,2,2
25,91,2,1,1,1,0,21,0,0,0,59,67,1,1,2
29,63,0,1,2,0,1,27,3,6,1,87,72,1,2,1
24,92,1,0,1,1,0,18,0,16,0,70,96,1,2,0
21,79,0,1,2,1,1,26,1,1,1,75,75,1,2,1
18,73,1,1,1,1,0,24,3,19,1,77,91,1,0,0
29,100,2,1,1,1,0,24,3,20,0,87,56,1,2,2
14,85,2,1,1,1,1,19,3,6,0,73,87,1,2,0
15,97,2,0,2,1,1,19,0,8,1,69,41,1,2,3
25,99,0,0,0,1,0,27,2,7,0,87,90,1,2,0
14,89,1,1,2,1,1,25,3,8,1,88,51,0,2,3
7,82,2,1,1,1,1,18,1,20,1,60,75,1,2,1
27,76,2,0,1,1,0,25,0,1,0,63,77,1,0,1
19,81,2,1,1,0,0,20,2,2,1,76,74,1,2,1
29,70,2,0,0,1,1,18,0,19,0,99,68,0,2,2
7,89,0,1,1,1,1,24,3,18,1,55,49,0,2,3
19,99,0,1,0,1,0,26,0,2,0,64,74,1,1,1
9,78,2,0,1,1,1,23,3,3,1,53,83,0,1,1
21,76,0,1,2,1,1,19,2,7,0,57,91,0,2,0
21,75,1,1,0,1,1,25,1,2,1,56,56,1,2,2
26,70,2,1,1,1,1,27,0,8,1,69,76,1,1,1
24,90,0,0,1,1,1,25,1,20,0,70,73,1,0,1
18,94,2,1,1,1,0,20,2,8,1,87,58,1,2,2
15,69,1,1,0,0,1,23,3,16,1,56,100,1,1,0
13,78,2,1,2,1,1,18,1,17,1,100,71,1,1,1
27,68,1,0,2,1,1,25,0,11,1,87,55,1,1,2
22,79,0,0,1,1,1,26,2,5,0,100,86,1,2,0
18,82,1,0,1,1,0,19,2,7,0,70,79,0,1,1
12,90,1,1,0,1,0,18,0,9,1,67,67,0,1,2
35,78,0,1,1,1,1,22,1,10,0,89,50,1,1,3
25,99,1,0,1,1,0,25,2,9,0,55,93,1,0,0
30,96,0,1,2,0,1,26,2,18,1,96,84,0,2,1
17,60,0,1,1,1,0,26,1,4,0,65,97,1,2,0
14,85,0,1,1,1,1,23,0,4,0,88,65,1,2,2
15,95,2,1,1,1,1,20,2,16,1,80,53,1,1,3
16,61,2,1,1,1,1,25,3,7,1,77,68,1,1,2
21,85,1,0,0,1,0,18,3,8,1,72,45,0,2,3
24,79,0,0,0,1,0,22,3,8,1,92,69,1,2,2
17,83,0,1,0,1,1,19,2,2,1,83,94,1,2,0
24,64,0,0,1,1,1,28,3,5,0,81,55,1,0,2
11,72,1,0,2,1,1,29,2,20,1,96,64,1,2,2
24,64,2,1,2,1,1,26,3,17,1,60,63,1,2,2
22,65,1,1,2,1,1,27,1,3,1,66,69,1,2,2
21,73,2,0,1,1,0,24,2,19,0,86,76,1,1,1
18,73,1,1,1,1,0,29,1,4,1,92,78,1,0,1
24,93,0,1,2,1,1,19,2,4,0,50,97,1,2,0
15,100,0,0,1,1,1,29,2,5,0,58,65,1,0,2
13,70,2,1,2,1,1,27,0,14,1,91,44,1,2,3
16,63,2,0,0,1,0,25,0,4,0,53,66,0,0,2
28,64,1,1,1,1,1,23,3,19,1,80,79,1,1,1
24,64,2,1,2,1,1,27,1,6,0,89,45,1,2,3
20,77,1,0,1,1,1,24,1,9,0,84,100,1,2,0
17,86,1,0,0,1,0,20,2,13,1,53,75,1,1,1
18,91,1,0,1,1,1,24,2,4,0,65,56,1,2,2
16,83,2,1,1,1,1,21,3,13,1,61,95,0,1,0
27,86,1,1,2,1,0,23,1,4,0,93,47,1,2,3
34,91,0,0,1,1,1,26,3,10,1,67,85,0,2,0
18,85,1,1,1,1,0,24,1,20,1,69,78,1,0,1
15,93,1,0,1,1,1,22,3,10,1,50,56,1,1,2
15,95,1,0,2,1,0,18,3,18,0,63,94,0,0,0
24,80,1,0,1,1,1,24,3,16,1,98,50,1,2,3
15,95,1,0,2,1,0,18,1,14,1,69,93,1,1,0
24,86,1,0,0,1,0,29,3,2,1,52,98,1,2,0
21,67,2,0,1,1,0,27,0,0,0,73,89,1,0,0
13,84,1,1,1,1,1,28,1,15,1,73,58,1,1,2
18,69,0,0,1,1,1,27,0,1,0,53,78,1,0,1
27,86,1,1,2,1,0,26,2,20,0,87,66,1,1,2
26,73,1,0,1,1,1,23,1,17,0,89,86,1,2,0
11,70,2,0,2,1,1,18,0,6,0,52,93,0,1,0
27,86,1,1,0,1,0,23,1,4,0,93,47,1,2,3
17,79,1,1,0,1,0,25,0,0,1,83,41,0,1,3
25,91,1,0,0,1,1,26,1,16,0,54,68,1,2,2
18,66,1,1,2,1,1,22,1,3,0,50,73,1,1,1
15,86,2,1,1,1,1,28,0,3,1,67,55,1,0,2
23,99,1,0,1,1,1,18,3,10,1,55,93,1,0,0
17,78,1,1,1,1,0,24,1,14,1,84,59,0,0,2
15,81,0,1,0,1,1,26,2,11,1,81,78,1,0,1
16,76,1,0,2,1,1,19,3,2,1,76,65,1,0,2
18,79,2,1,1,1,1,29,0,15,1,75,64,0,1,2
22,70,0,0,1,1,1,27,3,17,0,66,83,1,2,1
18,93,1,1,1,1,1,27,3,12,0,96,70,1,2,1
26,100,2,1,2,1,0,18,1,15,1,84,80,0,1,1
32,65,0,1,0,1,0,19,1,17,1,61,90,1,2,0
21,94,0,1,0,1,0,26,3,8,1,56,77,1,0,1
16,86,1,0,2,1,1,29,1,15,0,60,92,1,2,0
18,79,1,0,1,0,0,23,1,12,0,63,65,1,1,2
29,98,2,1,0,1,1,22,0,14,1,52,58,1,2,2
12,72,0,1,1,1,1,26,0,9,0,54,68,1,2,2
12,81,1,1,1,1,1,25,3,12,1,93,67,1,2,2
24,60,1,0,2,1,0,21,3,13,0,73,75,1,0,1
12,68,2,0,2,1,0,20,2,8,0,89,64,1,2,2
8,67,1,1,1,1,1,21,2,8,0,76,60,1,2,2
19,61,1,1,0,0,0,21,2,17,1,71,42,1,1,3
28,91,2,1,2,1,1,19,3,5,1,86,55,1,1,2
28,61,0,1,0,1,0,25,1,0,1,63,56,1,2,2
30,80,2,0,2,1,0,22,0,11,1,63,78,0,2,1
27,85,1,1,1,1,1,21,1,10,1,99,44,1,2,3
25,64,1,1,0,1,1,22,1,7,1,57,40,1,0,3
25,84,1,1,0,1,1,20,3,6,0,69,99,1,2,0
16,85,1,0,2,1,1,21,1,14,1,68,42,1,2,3
27,88,1,0,1,1,1,19,3,2,0,70,44,0,1,3
26,84,2,0,1,0,1,28,1,5,1,67,75,1,1,1
36,88,2,0,2,1,0,19,2,5,0,85,83,0,1,1
18,63,0,0,1,1,1,25,1,4,0,75,61,1,0,2
21,92,0,1,0,1,1,23,3,4,0,53,68,1,2,2
16,61,2,0,2,1,1,25,3,7,1,77,68,1,1,2
22,97,2,1,1,1,1,29,1,11,1,73,89,1,1,0
19,62,0,1,1,1,0,28,2,20,0,90,89,0,2,0
16,85,1,0,2,1,1,25,0,19,0,72,74,0,2,1
22,75,1,0,0,1,1,18,0,0,1,93,84,0,0,1
21,79,0,1,0,1,1,26,1,1,1,75,75,1,2,1
32,88,0,1,0,1,1,22,1,11,1,70,63,1,2,2
18,97,2,0,0,1,0,25,3,1,1,75,53,0,2,3
24,97,1,0,2,1,0,29,2,14,1,68,90,1,1,0
14,87,1,0,1,1,0,27,0,18,1,72,85,1,1,0
23,68,2,0,2,1,0,28,1,1,0,82,99,1,2,0
21,98,1,1,0,1,1,18,0,10,1,83,79,0,0,1
12,90,0,1,0,1,1,20,0,5,1,67,73,1,1,1
20,72,2,0,0,1,0,23,1,13,0,61,82,0,2,1
16,94,1,0,0,1,0,18,0,9,1,78,49,1,2,3
23,88,0,1,1,1,1,29,0,16,1,81,96,0,1,0
7,98,0,1,1,1,1,19,3,7,0,58,41,1,1,3
8,99,1,0,0,1,0,28,2,9,1,99,97,0,1,0
23,96,2,0,1,1,1,21,3,14,1,89,70,1,0,1
14,70,1,1,2,1,0,19,0,16,1,73,97,1,0,0
16,89,1,0,1,1,1,18,3,13,0,82,42,0,2,3
15,96,1,0,2,0,1,18,0,9,0,98,73,0,2,1
22,93,1,0,1,1,0,24,3,17,1,60,50,1,1,3
27,88,1,1,0,0,1,19,3,2,0,70,44,0,1,3
27,73,0,0,1,1,0,23,3,12,0,60,62,1,0,2
24,82,1,0,1,1,0,25,0,12,1,76,42,1,0,3
35,77,2,1,1,1,0,18,2,8,1,56,87,0,1,0
24,86,2,0,1,1,1,23,1,0,1,63,99,1,1,0
14,85,1,0,1,1,1,19,1,4,1,58,56,1,0,2
17,95,1,0,0,1,0,29,1,1,1,66,94,0,2,0
24,80,2,1,2,1,0,19,3,4,1,100,50,1,0,3
17,74,1,1,1,1,1,18,1,18,0,72,73,0,2,1
28,72,1,1,0,1,0,23,0,15,1,74,76,1,1,1
19,68,2,0,1,0,0,28,2,0,1,79,94,1,2,0
19,84,1,1,0,1,0,21,3,13,0,91,49,0,1,3
5,87,0,0,1,1,0,26,0,19,1,77,59,0,1,2
15,79,2,1,1,1,0,26,3,19,1,62,82,1,0,1
18,62,1,1,1,1,1,26,1,3,1,67,70,1,1,1
24,89,1,0,1,1,0,29,3,7,1,66,90,1,1,0
24,99,1,0,2,1,1,18,0,20,0,53,56,1,0,2
22,97,2,1,1,1,1,29,1,11,1,73,89,1,1,0
23,66,1,1,1,1,0,22,1,4,0,67,43,1,2,3
23,62,0,1,2,1,0,26,3,20,1,72,45,0,2,3
22,78,0,0,2,1,1,22,3,10,0,87,65,0,0,2
17,96,1,1,0,1,1,27,0,6,0,100,68,1,1,2
19,92,1,0,2,1,0,26,2,3,0,86,94,1,2,0
22,70,1,1,0,1,0,22,3,1,1,74,40,1,2,3
26,68,1,0,1,1,1,20,3,17,1,84,77,0,2,1
24,76,1,1,1,1,1,27,3,4,1,90,98,1,2,0
11,81,1,1,2,1,0,23,0,10,0,63,47,1,1,3
30,70,2,1,1,1,0,18,3,12,1,59,89,0,0,0
16,62,1,1,0,1,1,19,2,2,1,71,82,1,0,1
16,78,0,0,1,1,1,23,2,0,1,94,63,0,1,2
32,100,2,1,1,0,1,21,3,8,1,78,44,0,1,3
26,97,1,1,0,1,1,20,1,16,0,99,86,1,2,0
14,73,0,1,0,1,0,18,2,10,0,98,93,0,2,0
18,78,1,1,1,1,0,29,3,8,1,50,67,0,2,2
19,66,0,0,1,1,1,20,0,10,1,53,64,1,2,2
16,83,1,1,1,1,0,26,1,0,0,96,56,1,0,2
18,76,2,0,1,1,0,20,3,2,1,87,98,1,2,0
34,75,1,1,1,1,1,23,0,15,1,58,52,1,2,3
22,61,2,0,2,1,1,28,2,19,0,83,94,1,1,0
23,88,1,0,1,1,1,23,3,19,0,84,93,0,2,0
23,63,1,1,2,1,1,28,3,5,0,96,44,1,1,3
18,79,1,1,1,1,0,22,0,14,1,91,89,1,2,0
25,91,1,0,2,1,1,26,1,16,0,54,68,1,2,2
14,62,2,1,1,1,0,23,0,5,0,92,91,1,2,0
24,74,2,0,2,1,0,22,1,2,1,85,88,1,1,0
21,74,0,1,1,1,1,23,3,1,1,89,59,1,2,2
25,76,1,1,1,1,1,29,2,17,1,73,90,0,2,0
15,78,2,0,2,1,1,22,2,14,0,89,86,1,2,0
19,61,2,1,0,1,1,21,3,13,0,59,85,1,2,0
17,97,0,1,1,1,1,25,2,20,1,70,82,1,1,1
20,81,0,1,0,1,0,19,3,14,1,64,63,1,2,2
31,61,1,0,1,1,1,22,0,13,0,96,96,1,2,0
32,65,1,0,1,1,0,19,1,17,1,61,90,1,2,0
23,79,1,0,1,1,0,29,1,0,1,98,61,1,2,2
19,73,1,0,1,1,1,22,0,1,1,69,42,1,2,3
19,65,2,0,0,1,0,18,2,5,1,75,60,0,2,2
20,87,1,0,1,1,1,21,1,13,1,57,52,1,2,3
37,96,1,0,1,1,0,21,1,1,0,76,55,1,2,2
25,89,0,1,2,1,1,24,1,8,1,95,82,1,2,1
29,80,2,1,1,1,0,26,1,6,0,100,44,1,0,3
21,90,1,1,0,1,1,24,2,8,0,95,59,1,2,2
15,81,2,1,2,1,0,21,3,4,1,97,51,1,2,3
23,98,1,1,1,1,1,27,1,4,1,100,93,0,2,0
13,88,2,1,2,1,1,24,1,6,1,79,47,0,2,3
25,81,1,1,2,1,0,18,2,15,0,72,40,0,2,3
19,97,1,0,0,1,1,23,1,17,1,65,96,0,2,0
22,68,1,1,2,1,0,28,1,14,0,62,58,0,1,2
20,74,1,0,2,1,1,21,2,19,1,59,53,1,2,3
18,67,1,0,1,1,0,24,0,15,1,62,85,1,2,0
16,91,1,0,2,1,0,21,0,20,0,60,59,0,0,2
20,74,1,0,2,1,1,27,2,6,1,96,88,1,2,0
21,70,2,0,1,1,1,23,1,9,1,68,56,1,2,2
21,79,2,1,1,1,1,23,1,10,1,85,55,1,2,2
17,97,2,1,0,1,1,27,1,9,0,64,87,1,1,0
23,80,0,1,1,1,1,29,1,5,1,77,79,1,1,1
25,85,1,0,1,1,1,23,0,12,1,55,63,1,0,2
7,82,2,1,1,1,1,27,2,15,1,54,44,0,2,3
5,96,0,1,0,1,1,25,0,12,0,80,82,1,2,1
12,69,2,1,0,1,1,28,3,20,1,68,57,0,0,2
21,90,1,1,1,1,1,27,1,5,1,75,43,1,0,3
34,65,1,1,2,1,1,22,3,2,1,54,70,0,2,1
13,98,0,1,1,1,0,25,2,5,1,53,46,0,2,3
21,99,0,1,1,1,0,18,3,18,1,50,45,1,2,3
20,74,2,0,0,1,1,27,2,6,1,96,88,1,2,0
19,67,0,0,2,1,0,29,0,1,1,81,94,1,1,0
29,60,2,1,1,1,0,23,3,7,1,99,68,1,0,2
28,76,1,1,1,1,0,25,1,8,1,56,77,1,2,1
15,60,0,0,1,1,1,18,3,8,0,70,46,0,1,3
23,75,1,0,2,1,1,28,0,6,0,73,100,0,2,0
20,96,1,0,1,1,1,22,0,2,1,67,66,1,0,2
28,83,0,0,1,1,1,26,3,12,1,64,98,1,1,0
26,67,2,0,1,1,0,26,1,0,1,91,82,0,0,1
10,71,2,1,1,1,1,22,3,10,1,52,78,1,2,1
8,90,2,0,2,1,1,26,3,18,0,72,70,1,2,1
24,80,1,0,1,1,1,22,1,20,0,51,43,1,1,3
24,79,2,1,1,1,0,21,2,12,1,71,74,1,1,1
21,96,2,0,1,1,0,20,0,18,1,81,55,1,0,2
17,81,0,0,1,1,0,19,3,10,1,100,71,1,2,1
21,80,2,1,0,1,0,22,0,16,1,64,88,1,0,0
24,80,1,0,0,1,1,28,1,15,0,88,84,0,2,1
18,79,2,0,0,1,0,22,0,14,1,91,89,1,2,0
17,90,1,1,0,1,0,26,0,7,1,76,42,1,2,3
21,91,1,1,2,1,0,26,1,4,1,86,91,1,2,0
21,80,0,1,1,1,0,25,2,0,1,50,75,1,2,1
17,80,2,0,1,1,1,29,1,0,1,73,78,1,0,1
23,97,2,0,1,0,1,29,1,17,0,55,76,1,1,1
26,97,0,1,1,1,0,20,1,19,1,90,66,0,0,2
26,64,0,1,0,1,1,28,0,12,1,52,87,1,1,0
25,81,0,1,0,1,1,21,2,3,1,50,47,1,1,3
22,95,0,1,1,0,0,21,0,10,1,64,40,1,1,3
19,71,2,1,0,1,0,28,0,17,0,67,66,1,2,2
15,91,2,0,1,1,0,26,2,18,0,91,88,0,1,0
31,78,2,1,0,1,1,20,3,6,1,74,90,1,1,0
25,87,0,0,0,1,1,19,1,5,1,94,82,1,2,1
21,71,1,0,0,1,0,24,0,14,1,78,56,1,0,2
14,84,1,1,1,1,1,18,3,2,1,84,80,0,1,1
27,90,1,0,2,1,1,21,3,1,0,75,79,0,2,1
27,92,1,1,0,1,1,20,2,17,1,97,89,1,2,0
24,90,2,0,0,1,1,25,1,20,0,70,73,1,0,1
30,98,2,1,2,0,0,23,0,13,1,76,43,1,2,3
25,60,2,1,1,1,0,22,0,6,1,55,90,1,0,0
19,62,2,1,1,1,1,18,1,20,0,95,98,1,2,0
22,71,2,1,2,1,0,28,1,2,0,51,57,1,2,2
21,79,0,1,0,1,1,23,1,10,1,85,55,1,2,2
11,87,1,0,2,1,1,21,2,6,0,100,50,1,1,3
27,78,0,1,1,1,1,23,3,5,1,65,55,1,1,2
22,78,1,1,0,1,1,22,3,10,0,87,65,0,0,2
17,93,0,0,1,1,1,26,0,15,1,79,45,1,0,3
18,74,2,1,1,1,0,22,3,13,1,84,60,1,0,2
11,87,1,1,1,1,0,28,2,18,0,58,65,1,2,2
33,68,0,1,1,1,1,24,0,19,1,94,62,0,0,2
22,88,1,1,0,1,1,20,3,17,1,50,45,1,2,3
15,84,2,0,0,1,1,22,1,12,1,54,69,1,1,2
33,90,1,1,1,1,1,25,0,4,0,93,48,1,2,3
12,66,2,1,0,1,1,19,1,5,1,50,78,1,1,1
34,61,0,0,0,1,0,19,3,9,1,70,86,1,1,0
13,77,2,1,0,1,1,26,0,16,0,66,82,0,2,1
16,98,0,1,1,1,1,18,3,19,0,73,80,0,1,1
9,87,0,0,0,0,1,22,2,7,1,53,72,0,2,1
19,75,1,0,2,1,1,28,3,1,0,57,48,0,2,3
21,94,1,0,0,0,1,23,3,19,0,59,48,1,2,3
14,67,1,1,1,0,0,19,1,2,0,91,77,1,2,1
19,98,2,1,2,1,1,25,3,12,0,61,50,1,1,3
27,98,2,0,1,1,0,19,3,1,0,90,84,1,1,1
23,90,1,0,0,1,1,28,0,0,1,93,44,1,1,3
21,79,1,1,2,1,1,26,1,1,1,75,75,1,2,1
26,99,2,1,2,1,0,29,0,1,1,93,77,1,1,1
21,74,1,1,0,1,0,19,3,7,1,84,44,0,1,3
22,80,2,1,0,1,0,19,3,5,1,97,88,1,0,0
19,67,1,1,0,1,1,19,0,8,1,74,81,0,2,1
22,89,2,0,1,1,1,20,0,14,0,58,51,1,1,3
30,94,1,1,0,1,0,18,0,9,0,87,80,1,2,1
17,72,2,1,0,1,0,21,2,16,0,64,79,0,2,1
22,67,1,0,0,1,1,23,2,16,1,79,53,0,2,3
13,96,1,0,1,1,1,27,2,18,1,72,74,0,0,1
30,80,2,0,1,1,0,28,0,8,0,55,78,1,2,1
17,73,0,0,1,1,1,28,1,14,0,94,51,1,2,3
14,98,1,1,0,1,0,23,3,5,0,72,91,0,0,0
26,79,2,0,1,1,1,25,2,13,1,93,47,1,2,3
29,97,1,1,1,1,0,18,3,20,1,86,75,1,2,1
25,73,1,1,0,1,0,25,0,1,0,82,45,0,2,3
21,98,0,1,1,1,1,29,2,3,0,78,82,1,2,1
30,80,2,0,1,1,0,21,0,15,0,89,44,1,2,3
26,78,2,1,1,0,0,25,0,13,0,78,66,0,1,2
27,67,0,0,0,1,0,22,0,11,1,92,69,1,0,2
19,81,2,0,0,1,1,24,2,4,1,99,70,1,1,1
18,93,0,1,1,1,1,27,0,20,0,91,94,1,2,0
18,70,2,0,1,1,1,23,1,3,1,96,40,1,0,3
13,93,1,0,2,1,0,25,2,7,1,78,49,1,1,3
24,86,2,1,2,1,1,23,1,0,1,63,99,1,1,0
22,82,2,0,1,1,1,26,1,4,0,89,44,1,0,3
27,82,2,1,0,1,0,29,3,2,0,61,68,0,2,2
18,85,2,1,2,0,0,20,2,9,1,75,45,1,0,3
24,80,1,0,0,1,1,28,1,16,0,71,96,1,2,0
27,68,1,1,0,1,1,28,2,8,1,51,43,0,1,3
18,91,1,0,1,1,1,28,2,6,0,87,72,1,1,1
24,93,1,1,2,1,1,18,0,8,1,77,90,1,0,0
21,75,0,1,2,1,1,20,1,10,0,69,49,0,1,3
15,95,2,1,1,1,1,22,1,6,1,79,41,0,0,3
15,65,1,0,1,1,1,28,2,9,0,80,96,1,2,0
35,78,0,1,1,1,1,23,0,12,0,85,40,0,0,3
27,82,2,1,0,1,0,26,1,12,0,90,44,0,1,3
27,97,2,0,1,1,0,18,3,11,1,54,66,1,0,2
8,90,2,0,2,1,1,24,2,18,1,62,71,1,1,1
18,74,1,0,1,1,0,20,3,12,0,85,53,1,2,3
26,79,2,1,2,1,0,18,2,5,0,82,89,1,2,0
17,64,1,1,2,1,1,19,0,4,1,73,81,1,1,1
20,61,0,1,0,1,0,27,1,13,0,68,56,1,2,2
22,91,1,1,0,1,0,20,0,11,0,64,98,1,1,0
24,85,1,1,1,0,0,20,1,8,1,95,47,1,1,3
21,69,1,1,2,1,1,27,3,7,0,80,58,0,2,2
22,93,1,0,1,1,0,23,3,7,1,51,51,1,0,3
18,79,1,1,1,1,1,29,0,15,1,75,64,0,1,2
15,61,1,0,2,1,0,26,1,0,1,72,58,1,0,2
21,89,1,0,1,0,0,18,1,4,1,51,54,1,0,3
24,98,0,1,2,1,0,26,0,18,1,50,94,0,2,0
15,72,2,0,1,1,0,20,3,1,1,99,73,0,1,1
21,60,2,1,0,1,0,19,2,13,0,79,76,0,1,1
30,100,2,0,1,1,0,20,0,20,1,91,68,1,1,2
15,92,0,1,0,1,0,19,2,5,0,92,100,1,2,0
13,62,0,0,2,1,1,18,3,13,0,86,66,0,2,2
23,88,1,0,1,1,1,23,3,19,0,84,93,0,2,0
27,78,1,0,1,1,1,25,0,17,0,82,84,0,1,1
11,91,0,0,1,1,1,27,3,1,1,57,46,1,2,3
11,60,2,0,2,1,1,26,0,19,0,79,92,1,1,0
16,76,1,1,0,1,0,21,2,16,1,65,65,0,0,2
24,62,2,0,0,1,0,27,3,18,1,76,88,1,2,0
23,69,0,1,2,1,1,18,3,7,1,69,80,1,2,1
10,76,1,1,1,1,1,22,2,13,0,83,100,0,2,0
34,79,0,1,0,1,1,25,2,10,0,57,86,0,2,0
13,79,2,1,0,0,0,20,2,9,0,90,86,1,2,0
24,97,1,1,1,1,0,22,3,20,1,95,83,1,0,1
19,99,2,1,0,1,1,25,3,13,1,91,56,1,0,2
26,94,0,1,0,1,1,21,1,20,0,72,74,0,2,1
22,78,1,1,1,1,1,19,3,13,1,95,60,0,2,2
25,96,2,1,0,1,1,23,1,19,1,85,85,1,2,0
14,65,2,0,0,1,1,26,2,0,1,61,96,1,1,0
16,97,1,0,1,1,0,24,0,11,1,97,61,1,2,2
20,82,1,0,0,1,0,19,0,12,1,93,48,0,2,3
30,88,1,1,1,1,1,21,2,13,0,78,61,1,1,2
10,63,1,0,0,1,1,27,1,1,0,69,97,1,2,0
27,94,1,1,1,1,1,24,2,3,1,84,77,1,2,1
23,74,2,1,0,0,1,26,3,1,1,65,62,1,2,2
19,76,1,1,1,1,0,29,0,0,1,51,61,1,0,2
13,69,2,0,0,1,1,19,3,15,1,91,75,1,0,1
16,91,0,0,0,1,0,25,3,15,1,92,56,1,0,2
11,70,2,1,0,1,0,22,3,15,1,94,90,1,1,0
24,94,1,0,0,1,1,25,2,8,1,90,40,1,1,3
38,86,1,0,2,1,0,27,1,4,1,75,54,1,1,3
21,71,1,0,2,1,1,24,3,6,1,92,97,1,0,0
17,77,1,1,0,1,1,24,2,0,0,92,41,1,0,3
22,92,2,0,1,1,1,29,0,3,0,51,42,1,0,3
17,63,1,1,1,1,1,25,0,14,0,81,50,0,1,3
12,75,2,0,0,1,0,26,2,2,1,54,93,1,0,0
25,91,1,0,1,1,1,28,1,8,1,62,57,1,2,2
12,90,2,0,0,1,0,18,0,9,1,67,67,0,1,2
24,96,2,1,1,1,0,18,1,2,0,82,76,0,1,1
26,89,1,0,2,1,0,29,3,10,1,76,75,1,0,1
23,82,0,0,2,1,0,23,0,17,1,61,70,1,2,1
18,64,0,1,0,1,1,28,2,12,1,96,60,1,2,2
20,61,1,0,1,1,1,25,3,16,1,71,50,1,2,3
23,90,2,1,2,0,1,18,1,9,0,70,41,0,2,3
21,93,2,1,0,1,1,18,1,18,1,54,66,1,2,2
18,68,2,0,0,1,1,26,0,20,0,93,92,0,2,0
32,83,1,1,0,1,1,24,1,15,1,87,62,1,2,2
25,66,1,1,1,1,1,19,0,18,1,62,72,1,2,1
15,65,2,1,1,1,0,25,1,15,0,96,90,1,0,0
11,85,0,1,2,1,1,29,3,13,1,78,90,1,2,0
19,79,1,1,2,1,0,18,0,1,0,60,67,0,2,2
19,79,1,1,0,1,1,27,2,14,0,70,40,1,1,3
20,93,0,1,1,1,1,23,1,5,1,55,99,1,0,0
12,95,2,1,1,1,1,25,3,12,1,90,60,1,2,2
15,67,1,1,1,1,1,18,1,6,1,61,100,1,2,0
16,72,0,0,1,0,0,29,3,15,0,68,82,1,1,1
12,99,2,1,1,0,1,21,3,20,1,83,99,1,2,0
16,82,1,0,1,1,0,26,1,16,1,61,61,1,1,2
22,61,2,1,1,1,0,24,3,14,1,97,90,1,2,0
11,64,1,1,1,1,1,20,0,3,0,97,82,1,0,1
23,85,0,0,0,1,0,24,1,13,0,71,69,1,1,2
15,99,2,1,2,1,1,21,1,13,1,62,61,0,0,2
19,81,2,0,0,0,0,20,2,2,1,76,74,1,2,1
8,77,0,1,0,1,1,23,1,13,0,77,86,1,2,0
17,89,1,1,1,1,0,26,2,14,0,56,97,1,2,0
23,62,2,1,1,1,1,24,1,15,0,58,98,0,2,0
26,75,2,0,1,1,1,28,2,18,1,66,86,1,2,0
9,76,1,0,1,1,1,19,1,16,1,95,61,1,1,2
22,85,1,1,1,1,0,21,3,6,0,52,69,1,0,2
16,90,0,0,1,1,1,23,3,11,0,79,62,1,2,2
25,69,1,1,1,1,0,29,0,0,0,64,57,1,2,2
12,64,0,0,1,1,1,23,3,6,0,54,88,1,2,0
13,97,2,0,1,1,0,28,3,12,1,88,99,0,0,0
25,88,1,1,1,1,0,19,1,5,1,95,73,1,2,1
8,87,2,0,0,1,1,28,0,19,0,99,57,1,2,2
20,95,0,1,0,0,0,26,1,1,1,71,55,1,0,2
16,85,1,0,2,1,1,25,1,7,1,100,42,1,0,3
27,86,1,1,0,1,1,29,3,11,1,51,69,1,1,2
16,91,1,1,2,1,0,27,0,11,1,100,57,1,1,2
21,85,0,0,1,1,1,22,2,14,0,81,62,1,2,2
33,93,2,1,0,1,0,29,0,16,0,90,99,1,2,0
19,89,1,0,1,1,0,24,3,7,1,95,80,0,0,1
20,96,1,0,1,1,1,29,2,20,1,64,48,0,0,3
14,83,1,0,1,1,0,19,2,8,1,95,58,1,2,2
16,62,1,1,0,1,1,27,3,8,1,75,51,1,0,3
20,75,1,1,2,1,0,26,1,1,1,66,94,1,2,0
22,93,2,0,0,1,0,19,2,4,1,93,51,1,1,3
23,100,0,1,1,1,1,27,1,12,0,96,90,1,1,0
15,65,2,1,0,1,0,21,3,1,1,86,62,0,1,2
12,88,1,1,1,1,1,22,0,18,0,87,55,1,2,2
8,71,1,1,1,0,0,18,2,5,1,63,98,1,2,0
23,81,0,1,1,1,0,19,3,6,0,56,59,1,2,2
16,71,0,1,0,1,1,28,0,16,0,62,60,1,2,2
26,88,2,0,1,1,0,29,1,4,1,72,45,0,2,3
23,75,1,0,0,1,0,21,2,13,1,72,94,0,0,0
23,92,2,0,1,1,0,25,1,14,1,70,82,1,0,1
17,90,1,1,0,1,0,20,0,16,0,86,91,0,1,0
22,93,1,0,1,1,0,23,3,7,1,51,51,1,0,3
22,80,0,0,2,1,0,19,3,5,1,97,88,1,0,0
11,62,2,1,1,1,1,24,2,20,1,79,71,1,2,1
21,76,1,1,2,1,1,18,0,11,1,74,42,0,2,3
13,77,2,0,1,1,1,26,0,2,1,98,99,1,2,0
18,73,2,0,1,0,1,25,1,5,1,80,62,0,2,2
34,62,0,0,0,1,0,22,2,12,1,81,88,0,2,0
31,93,0,0,0,1,1,19,1,8,0,62,66,1,1,2
17,79,0,1,0,1,0,29,3,17,0,71,43,1,2,3
19,93,1,1,1,1,0,26,3,20,0,52,89,0,0,0
16,99,2,0,2,1,1,20,0,0,1,96,57,1,2,2
18,65,1,1,1,1,1,21,2,6,0,67,86,1,2,0
16,61,2,1,1,1,1,25,1,15,0,84,53,1,2,3
24,68,0,0,2,0,0,27,0,12,0,66,93,1,1,0
11,84,1,1,2,1,0,27,1,6,1,75,43,1,2,3
20,84,2,0,1,1,1,23,3,8,0,59,77,1,2,1
22,86,1,0,1,1,0,24,1,12,0,82,66,0,2,2
17,64,2,0,1,1,0,20,1,6,1,84,54,1,0,3
15,68,2,0,1,0,0,24,2,20,1,71,89,1,2,0
18,66,2,0,0,1,1,27,2,11,0,57,60,1,0,2
20,88,1,0,0,1,1,19,0,8,1,98,65,1,0,2
15,92,1,0,1,1,1,28,1,9,1,68,44,1,0,3
15,70,2,0,2,1,1,26,2,6,0,94,40,1,2,3
11,97,1,0,1,1,1,28,2,5,0,51,46,1,2,3
27,92,1,0,1,1,1,27,3,14,1,75,85,1,2,0
16,94,1,0,1,1,0,18,0,9,1,78,49,1,2,3
21,79,2,1,1,1,0,26,1,5,1,62,54,1,1,3
13,77,2,1,0,1,1,26,0,2,1,98,99,1,2,0
27,60,2,0,2,1,0,27,2,14,1,86,98,1,2,0
20,99,0,1,0,1,1,23,0,17,1,78,59,1,2,2
28,96,0,1,2,1,1,21,2,5,1,69,68,1,2,2
18,65,1,1,1,1,1,24,0,16,0,51,97,1,2,0
22,89,2,0,2,1,1,23,1,15,1,72,88,1,2,0
27,91,1,0,1,1,0,26,0,2,0,92,60,1,0,2
24,80,2,1,1,1,0,27,0,9,0,52,42,1,2,3
19,75,1,0,0,1,1,28,3,1,0,57,48,0,2,3
26,92,2,0,2,1,1,19,3,1,1,88,68,0,2,2
27,74,0,1,2,0,1,21,0,10,1,54,44,1,0,3
18,99,2,1,0,1,1,20,3,7,1,68,77,1,2,1
26,78,1,0,1,1,0,20,0,5,0,59,71,1,2,1
16,86,0,0,0,1,1,29,1,15,0,60,92,1,2,0
26,98,1,1,1,1,0,20,1,4,0,88,65,1,2,2
26,67,1,0,1,1,0,26,1,0,1,91,82,0,0,1
16,92,0,1,0,1,0,18,0,7,1,81,46,1,0,3
17,63,1,1,1,1,1,28,3,11,1,83,89,1,2,0
17,65,1,1,1,1,1,23,2,17,1,73,54,1,1,3
23,89,0,0,1,1,1,18,3,8,0,56,61,1,0,2
15,92,0,1,0,1,1,28,1,9,1,68,44,1,0,3
13,85,2,1,2,1,1,27,0,18,1,79,68,0,2,2
35,85,2,1,2,1,0,20,2,8,0,59,77,0,0,1
26,66,2,1,1,1,0,22,3,0,0,90,83,0,0,1
25,76,0,1,0,1,1,29,2,17,1,73,90,0,2,0
12,81,1,1,2,1,1,26,0,14,1,67,63,0,2,2
27,73,1,0,1,1,0,23,3,12,0,60,62,1,0,2
27,61,1,0,1,1,1,29,0,16,1,73,43,0,0,3
29,86,1,1,1,1,0,23,1,13,1,72,84,1,2,1
22,77,1,1,1,1,1,27,3,10,0,68,96,1,1,0
26,86,0,0,1,1,1,25,2,5,0,68,92,0,2,0
22,61,1,0,0,1,1,28,2,19,0,83,94,1,1,0
13,99,1,0,2,1,1,29,0,7,1,52,77,1,1,1
28,98,2,1,1,1,1,25,1,14,1,84,78,1,2,1
26,92,2,0,2,1,1,25,0,12,1,53,76,1,1,1
18,66,2,0,0,1,1,22,1,3,0,50,73,1,1,1
16,84,0,0,0,0,1,18,0,2,1,54,75,0,1,1
22,92,1,1,1,1,1,29,0,3,0,51,42,1,0,3
21,99,1,1,0,1,0,18,3,18,1,50,45,1,2,3
19,76,0,1,1,1,0,29,0,0,1,51,61,1,0,2
29,83,0,0,0,1,1,29,0,11,1,79,64,0,2,2
22,79,1,0,0,1,1,26,2,5,0,100,86,1,2,0
21,81,1,0,1,1,1,28,1,20,1,95,82,1,2,1
19,79,1,1,2,1,0,23,2,10,1,61,97,0,2,0
23,98,0,0,1,1,1,27,1,4,1,100,93,0,2,0
25,64,2,0,0,1,1,22,1,7,1,57,40,1,0,3
19,99,2,1,2,0,0,24,2,0,0,71,80,0,1,1
19,98,2,1,2,1,1,23,0,3,1,89,49,1,2,3
24,88,1,1,0,1,1,29,2,17,1,81,80,1,1,1
18,91,1,0,2,1,1,24,2,4,0,65,56,1,2,2
22,97,1,1,1,1,1,29,1,11,1,73,89,1,1,0
20,62,0,1,2,0,0,21,1,1,1,64,99,0,0,0
35,85,2,1,2,1,0,28,0,4,0,66,61,1,2,2
14,61,2,0,1,1,0,21,1,12,1,57,86,1,1,0
22,98,2,0,0,0,0,29,0,16,1,58,66,1,2,2
25,79,1,1,1,1,0,18,2,15,1,50,59,0,1,2
24,83,1,0,2,1,1,20,0,13,1,76,73,1,1,1
28,99,1,1,0,1,1,18,2,11,1,52,83,1,0,1
17,61,0,1,1,1,1,18,2,9,1,61,88,1,0,0
21,84,0,1,0,1,0,23,0,11,0,79,56,1,2,2
17,74,1,0,1,1,0,19,0,8,1,95,79,1,0,1
9,60,0,1,1,1,0,24,2,16,1,96,85,1,1,0
26,67,1,0,1,1,0,18,0,15,0,75,43,1,1,3
19,75,2,1,1,1,0,20,2,20,1,86,90,0,0,0
20,62,1,1,0,1,1,27,2,19,1,61,83,1,0,1
26,69,1,1,1,1,1,25,0,8,1,84,92,0,0,0
21,78,1,1,1,1,0,27,3,18,0,97,40,0,2,3
27,83,2,1,1,1,1,29,0,2,1,65,41,0,2,3
18,93,0,1,1,1,1,27,3,12,0,96,70,1,2,1
18,69,0,1,0,1,1,21,3,14,0,99,92,1,2,0
31,61,1,0,1,1,0,29,3,0,1,80,94,1,1,0
20,78,1,1,0,1,1,19,3,7,1,78,84,1,2,1
33,93,1,0,1,1,0,27,3,5,1,70,44,1,1,3
21,86,1,1,1,1,0,28,3,3,0,85,69,1,2,2
22,94,2,0,0,1,1,20,2,16,1,87,94,0,1,0
21,98,1,1,1,1,0,22,3,5,1,80,77,1,1,1
21,91,1,0,1,1,0,20,1,8,1,95,44,1,1,3
22,75,1,1,2,1,1,18,0,0,1,93,84,0,0,1
19,61,1,0,0,1,1,21,3,13,0,59,85,1,2,0
32,87,2,1,1,1,1,25,1,17,1,86,47,1,0,3
16,64,1,0,1,1,1,29,1,17,0,98,84,1,2,1
22,82,1,0,2,1,1,25,0,12,1,59,91,0,2,0
29,98,2,0,0,1,1,22,0,14,1,52,58,1,2,2
18,69,1,1,1,1,1,27,0,1,0,53,78,1,0,1
22,96,2,0,1,0,1,20,0,2,0,67,41,1,2,3
21,85,2,1,1,1,1,22,2,14,0,81,62,1,2,2
23,70,1,1,1,1,1,18,2,0,0,89,81,1,2,1
19,74,2,0,2,1,1,27,2,9,0,65,67,1,2,2
26,71,0,1,1,1,1,29,0,1,1,69,88,0,2,0
17,81,2,0,1,1,1,29,3,2,1,71,52,1,2,3
9,78,2,0,1,1,1,25,1,8,1,64,99,0,2,0
21,91,1,0,0,1,0,26,1,4,1,86,91,1,2,0
5,96,0,1,0,1,1,22,0,3,1,86,61,1,1,2
17,98,2,0,0,1,1,20,1,4,1,77,84,1,2,1
21,93,0,1,1,1,1,26,0,0,0,95,53,1,2,3
13,96,1,0,1,1,0,27,2,18,1,52,61,1,2,2
19,70,1,0,1,1,1,26,3,8,1,56,77,1,2,1
9,73,1,1,0,1,1,18,1,5,1,90,64,1,2,2
23,72,1,1,0,0,0,23,1,6,1,75,78,0,1,1
20,84,1,1,0,1,1,23,3,8,0,59,77,1,2,1
10,78,2,1,1,1,1,20,3,17,0,85,78,1,2,1
27,73,1,0,1,1,0,29,2,18,0,50,65,1,0,2
18,73,2,0,1,0,1,29,1,14,1,67,76,1,2,1
25,95,2,1,1,1,1,20,0,19,0,98,95,1,2,0
11,91,0,1,0,1,1,24,3,18,0,58,43,1,1,3
14,62,1,0,1,1,1,21,3,4,1,76,99,0,0,0
15,65,1,1,1,1,0,21,3,1,1,86,62,0,1,2
23,76,1,1,1,1,1,22,2,14,0,91,90,0,1,0
19,92,1,1,1,1,1,18,1,10,1,81,46,0,0,3
13,91,1,0,1,1,0,25,3,12,0,73,77,0,2,1
11,84,1,1,2,1,1,18,1,9,1,80,88,1,2,0
15,90,1,1,1,1,0,20,0,13,1,85,95,1,0,0
24,67,2,0,2,1,0,18,1,11,1,82,97,0,1,0
13,66,1,1,1,1,1,19,1,16,0,96,87,1,2,0
15,68,1,1,2,1,1,27,3,4,1,73,46,1,1,3
19,61,2,1,0,1,1,29,3,11,1,54,100,1,1,0
20,78,1,0,2,1,1,18,0,3,1,77,96,1,1,0
20,75,1,0,1,1,0,26,1,1,1,66,94,1,2,0
9,80,2,0,0,1,0,26,2,20,0,100,81,1,2,1
20,69,1,1,2,1,1,18,3,9,0,82,97,0,2,0
24,98,1,1,1,1,1,29,0,3,0,65,46,1,2,3
16,67,1,0,1,1,0,29,3,0,1,82,98,0,1,0
18,69,1,1,1,1,1,28,2,5,1,80,94,1,0,0
14,81,1,1,1,1,1,22,0,13,0,54,42,1,1,3
14,77,2,1,0,1,1,22,0,18,0,60,59,1,0,2
13,68,2,0,1,1,0,29,3,0,0,67,73,1,2,1
14,66,0,0,1,1,1,21,1,13,1,62,82,0,2,1
13,60,1,1,1,1,1,28,0,8,0,71,92,0,1,0
30,81,0,1,1,1,1,23,3,7,1,76,79,1,1,1
20,79,2,1,0,1,1,25,3,5,1,90,81,1,1,1
16,60,0,0,0,1,1,23,0,15,1,96,44,1,0,3
21,82,2,0,1,1,1,25,0,8,1,78,46,1,2,3
21,79,2,1,0,1,1,23,1,10,1,85,55,1,2,2
24,78,1,1,0,1,1,23,1,9,0,59,55,1,1,2
16,99,1,0,0,0,0,19,0,0,1,55,57,0,2,2
18,91,1,1,1,1,1,20,0,11,0,63,71,0,0,1
16,78,1,0,2,1,0,20,3,5,1,56,50,1,2,3
18,81,2,1,1,1,1,28,0,17,1,87,69,1,2,2
23,69,1,1,2,1,0,22,3,3,0,86,40,1,0,3
16,89,1,1,0,1,1,25,2,2,0,52,89,0,2,0
23,92,2,0,1,1,0,25,1,14,1,70,82,1,0,1
19,81,0,1,0,1,1,26,0,16,1,67,100,1,2,0
18,71,2,1,1,1,0,20,0,14,0,67,54,1,2,3
26,69,2,1,1,1,0,24,0,4,0,91,64,1,2,2
31,68,2,1,0,1,1,19,2,20,0,55,99,0,2,0
17,82,2,1,2,1,1,29,3,6,1,71,61,1,0,2
23,85,0,1,2,1,0,29,1,8,1,57,89,0,1,0
22,65,1,0,2,1,0,24,0,11,1,79,42,1,2,3
26,87,1,1,1,1,1,20,1,0,1,50,42,0,2,3
16,89,1,1,0,1,1,18,3,13,0,82,42,0,2,3
20,96,1,0,1,1,1,29,2,20,1,64,48,0,0,3
23,81,2,0,0,1,1,19,2,5,1,90,54,1,2,3
20,74,1,1,0,1,0,22,3,3,1,93,97,1,2,0
24,81,1,0,1,1,1,28,2,18,0,98,55,1,2,2
26,79,2,1,2,1,0,28,1,2,0,83,93,1,1,0
29,79,2,0,1,1,0,19,0,17,1,90,52,1,2,3
16,62,1,0,0,1,0,21,1,5,1,63,56,1,2,2
27,91,2,1,1,1,1,22,3,11,0,98,97,1,0,0
24,63,0,1,0,1,0,27,2,19,1,95,89,1,2,0
27,92,1,1,1,1,1,20,2,17,1,97,89,1,2,0
21,93,1,1,1,0,1,26,0,0,0,95,53,1,2,3
25,89,2,0,0,1,0,25,1,14,1,63,59,1,1,2
20,79,1,1,0,0,1,25,3,5,1,90,81,1,1,1
35,65,1,1,2,1,1,27,3,20,1,95,59,0,1,2
21,67,2,1,2,1,0,26,1,5,1,99,60,1,2,2
27,74,1,1,1,1,1,23,2,16,0,58,98,1,1,0
28,76,1,1,1,1,1,19,0,12,1,99,97,1,0,0
26,84,1,1,1,0,0,26,2,1,0,75,94,1,2,0
22,69,2,0,0,1,0,25,1,17,1,93,98,1,2,0
23,77,1,0,0,1,1,27,0,9,0,59,46,1,2,3
16,92,1,1,2,1,0,18,0,7,1,81,46,1,0,3
17,98,2,0,1,1,1,28,2,9,1,75,99,1,2,0
18,93,1,1,1,1,1,27,0,20,0,91,94,1,2,0
22,68,1,0,1,1,0,28,1,18,1,59,76,1,0,1
28,72,1,1,0,1,0,19,2,16,1,93,63,1,1,2
13,62,1,1,1,1,1,18,2,0,0,55,77,1,2,1
19,64,1,0,0,1,0,28,1,19,0,67,99,1,1,0
20,60,1,1,0,1,0,29,3,0,0,78,47,1,2,3
18,79,1,1,0,1,1,29,0,15,1,75,64,0,1,2
21,67,2,0,0,1,0,27,0,0,0,73,89,1,0,0
23,62,2,1,0,1,1,26,0,0,1,93,91,1,0,0
24,77,0,0,1,1,0,19,1,13,0,82,51,1,2,3
27,61,0,0,2,1,1,21,3,5,1,51,91,0,0,0
20,62,1,1,2,1,1,20,1,17,0,81,64,1,1,2
12,79,1,1,0,1,0,26,3,8,0,50,67,1,2,2
25,81,0,1,0,1,1,23,0,14,1,77,88,1,2,0
29,68,2,1,0,1,1,25,2,17,1,51,84,1,0,1
14,63,1,0,0,1,0,23,2,15,1,52,72,0,1,1
14,81,1,0,1,0,0,23,0,18,0,91,49,1,2,3
13,61,0,1,1,1,1,21,3,20,1,99,72,1,2,1
24,89,0,1,0,1,1,23,2,15,0,61,71,1,1,1
18,89,0,1,0,1,0,25,1,8,1,99,94,1,1,0
25,69,1,0,1,0,1,19,3,14,1,88,43,1,2,3
30,66,2,0,0,1,1,23,2,0,1,55,63,1,2,2
20,60,1,1,1,1,0,29,3,0,0,78,47,1,2,3
13,84,1,0,1,1,1,24,0,12,0,89,84,1,1,1
34,97,1,0,1,1,1,24,0,14,1,63,72,1,1,1
16,97,1,1,0,1,1,21,3,3,0,74,94,1,2,0
33,95,0,1,0,1,0,26,2,6,1,77,90,0,0,0
24,86,0,1,1,1,1,22,1,11,1,76,82,1,2,1
28,64,1,1,1,1,1,20,0,2,1,100,64,1,1,2
17,74,1,1,0,1,1,18,1,18,0,72,73,0,2,1
15,76,1,1,0,1,0,25,1,11,1,55,79,1,2,1
19,93,1,1,1,1,0,26,3,20,0,52,89,0,0,0
18,97,0,0,1,1,0,25,3,1,1,75,53,0,2,3
23,93,0,1,0,1,1,18,1,1,1,56,66,1,0,2
29,91,2,1,1,0,0,27,3,6,0,66,75,1,2,1
29,61,1,1,2,1,1,19,2,6,1,97,78,1,2,1
23,90,0,0,0,1,1,28,0,0,1,93,44,1,1,3
29,66,2,0,1,1,1,19,3,4,1,57,55,1,2,2
24,77,1,0,2,1,0,19,2,10,1,71,62,0,1,2
21,68,1,1,1,0,1,21,3,3,1,76,67,0,2,2
30,100,2,1,0,1,1,21,2,10,0,51,78,0,1,1
21,81,1,1,1,1,1,23,3,10,1,64,98,1,0,0
21,96,2,1,1,1,1,21,2,18,1,55,65,0,1,2
26,80,0,1,1,1,1,22,2,13,0,96,90,1,2,0
26,61,2,1,1,0,0,28,2,20,0,69,99,1,2,0
13,70,1,0,1,1,0,28,0,0,1,55,86,1,0,0
18,69,2,1,2,1,1,20,2,5,0,66,85,0,0,0
18,85,1,1,1,1,1,21,2,13,1,85,71,1,1,1
16,91,1,1,1,1,0,25,3,15,1,92,56,1,0,2
24,90,0,1,2,1,1,25,1,20,0,70,73,1,0,1
11,78,2,0,0,1,0,27,2,8,0,66,75,1,2,1
16,79,2,1,1,1,0,18,1,16,0,90,80,1,2,1
14,63,0,0,1,1,1,21,3,14,1,52,92,1,2,0
19,63,1,1,0,1,0,22,1,4,1,55,67,0,0,2
11,62,1,1,2,1,1,23,2,5,0,76,99,1,2,0
8,99,1,0,0,1,0,20,3,6,1,59,91,0,0,0
20,62,1,1,0,1,1,24,1,6,0,56,79,1,0,1
11,85,1,1,0,1,0,18,3,0,1,50,90,1,2,0
13,62,1,1,0,1,0,18,2,6,1,65,75,1,2,1
20,82,0,1,0,1,0,22,3,15,1,95,73,1,2,1
15,89,1,1,2,1,1,29,2,4,0,54,64,1,2,2
22,88,1,1,0,1,1,27,0,8,1,75,46,0,0,3
11,97,0,1,1,1,0,25,1,19,1,52,83,1,1,1
11,70,0,1,0,1,0,22,3,15,1,94,90,1,1,0
21,92,0,0,0,1,1,23,3,4,0,53,68,1,2,2
26,87,2,0,0,1,1,27,3,11,0,98,68,1,2,2
18,69,2,1,2,1,1,20,2,4,0,59,74,0,2,1
22,92,1,1,1,1,1,22,1,8,1,65,63,1,2,2
23,84,0,0,1,0,0,26,1,6,1,75,76,1,0,1
20,89,1,1,1,1,1,29,2,4,1,55,41,0,2,3
15,68,0,1,1,0,1,27,3,4,1,73,46,1,1,3
16,81,1,0,2,1,1,18,3,11,0,73,50,0,1,3
20,70,2,1,1,1,1,29,0,5,1,51,99,1,2,0
24,97,1,0,2,1,0,24,1,18,0,98,85,1,0,0
11,62,2,1,1,1,1,20,1,15,0,69,85,1,1,0
22,93,1,0,1,1,0,20,1,12,1,73,77,1,2,1
22,63,2,1,0,1,0,26,2,18,0,61,88,0,2,0
9,87,1,0,1,1,0,27,1,14,0,87,92,1,1,0
30,91,1,1,2,1,1,28,2,6,1,83,43,1,2,3
17,96,1,1,0,1,1,22,2,17,0,82,44,1,1,3
11,97,0,1,1,1,0,29,2,19,1,62,80,1,2,1
23,88,0,1,1,1,1,25,1,11,0,91,91,1,0,0
18,77,1,0,0,1,0,20,1,6,0,73,41,0,2,3
25,91,2,0,1,1,1,26,1,16,0,54,68,1,2,2
21,79,0,1,2,1,1,23,1,10,1,85,55,1,2,2
25,87,1,1,1,0,1,26,3,6,0,62,72,0,1,1
29,62,2,1,2,1,0,25,1,5,1,64,100,0,2,0
21,98,1,1,2,0,0,24,1,19,0,89,59,1,2,2
18,68,2,0,1,1,1,26,0,20,0,93,92,0,2,0
17,96,1,1,0,1,1,23,3,13,1,55,95,1,0,0
19,87,1,1,1,1,0,22,1,15,1,77,79,0,2,1
9,65,2,1,1,1,0,23,2,2,1,54,99,0,1,0
21,91,2,1,0,1,0,26,1,4,1,86,91,1,2,0
25,88,1,1,0,1,1,22,0,4,0,53,45,1,2,3
14,65,2,1,0,1,1,25,0,19,1,60,41,0,2,3
24,81,0,1,1,1,1,25,3,17,0,64,62,1,0,2
17,68,0,1,2,1,0,24,2,4,1,87,64,1,2,2
18,69,0,0,1,1,1,28,2,5,1,80,94,1,0,0
17,84,2,1,1,1,1,19,1,17,1,96,60,0,0,2
13,80,2,1,2,1,0,20,0,13,0,82,75,1,2,1
12,65,1,1,1,1,0,21,3,10,1,54,80,0,1,1
26,71,0,0,1,1,0,27,0,3,0,55,71,0,0,1
20,66,2,0,1,1,0,25,3,9,1,85,98,0,2,0
15,81,1,0,2,1,0,21,3,4,1,97,51,1,2,3
23,80,2,0,0,1,1,29,1,5,1,77,79,1,1,1
9,80,0,1,0,1,0,29,1,5,0,71,93,0,1,0
17,97,2,1,0,1,1,25,2,20,1,70,82,1,1,1
22,87,2,1,1,1,0,22,2,18,1,89,86,1,1,0
16,71,0,1,2,1,1,28,0,16,0,62,60,1,2,2
22,84,1,0,1,0,1,22,1,16,1,68,87,1,0,0
20,91,1,0,1,1,1,25,3,20,1,59,84,1,0,1
15,98,1,1,1,1,0,18,2,9,0,58,67,1,2,2
14,73,1,1,1,1,0,28,3,3,0,98,68,0,1,2
24,86,1,0,0,1,0,19,0,15,1,62,97,1,0,0
12,79,1,0,2,1,0,26,3,8,0,50,67,1,2,2
21,90,2,1,1,1,1,29,0,10,0,58,68,0,1,2
14,92,0,1,0,1,0,28,3,0,0,85,90,1,1,0
22,78,1,1,0,1,1,19,3,13,1,95,60,0,2,2
17,67,1,1,1,1,1,27,0,1,1,79,68,1,2,2
34,79,0,1,0,1,1,22,3,8,1,76,67,0,0,2
8,82,0,0,1,1,1,22,1,4,1,75,71,1,1,1
16,85,2,1,2,1,1,28,0,14,1,71,70,0,1,1
14,65,1,1,1,1,1,26,2,0,1,61,96,1,1,0
26,73,2,0,1,1,1,29,3,9,1,92,41,1,1,3
16,61,0,1,1,1,1,25,3,7,1,77,68,1,1,2
37,96,1,1,1,1,1,27,2,19,1,92,41,1,2,3
24,77,1,1,1,1,1,19,2,5,1,96,74,1,1,1
15,60,0,0,1,1,1,22,1,12,0,85,70,1,1,1
7,98,1,0,2,1,0,19,3,2,0,56,59,0,2,2
10,62,1,0,2,1,1,23,2,14,0,79,59,1,2,2
14,62,1,0,1,1,1,24,3,13,1,96,77,1,1,1
20,79,2,1,0,1,1,23,3,13,1,77,74,1,2,1
22,80,2,1,1,1,0,19,3,5,1,97,88,1,0,0
20,78,2,1,1,1,0,22,3,3,1,93,67,1,2,2
15,99,1,1,1,1,1,27,0,2,1,89,81,1,2,1
23,66,2,0,1,1,0,28,0,7,0,67,58,1,2,2
16,64,1,0,1,1,1,29,0,13,0,61,56,1,2,2
23,77,1,1,1,1,1,19,1,0,1,92,62,0,2,2
20,99,0,0,0,1,1,25,3,2,0,78,71,0,0,1
22,70,0,0,1,1,1,27,3,17,0,66,83,1,2,1
15,82,2,1,1,1,1,24,1,15,1,67,90,0,2,0
26,97,0,1,1,1,0,24,2,13,1,75,74,1,0,1
20,84,1,1,0,1,1,23,1,9,1,82,98,1,1,0
18,84,2,0,1,1,0,20,3,19,1,79,98,0,0,0
16,82,1,0,0,1,0,26,1,16,1,61,61,1,1,2
24,91,1,0,0,1,1,21,3,18,1,100,94,1,2,0
21,90,2,1,1,1,1,19,1,4,1,72,42,0,1,3
14,91,1,1,1,1,1,26,0,16,0,86,79,1,1,1
28,64,1,0,0,1,1,24,0,10,0,63,60,0,1,2
8,71,0,0,1,1,1,26,0,2,1,54,45,1,1,3
18,91,1,1,0,1,1,24,2,4,0,65,56,1,2,2
36,68,1,1,2,1,1,26,1,6,1,67,88,1,0,0
36,82,0,1,1,1,1,18,0,3,0,63,74,0,0,1
23,89,2,1,1,1,1,27,1,7,1,75,46,1,1,3
29,86,2,0,0,1,0,18,3,8,0,79,71,0,2,1
26,69,1,1,1,1,1,20,1,2,0,90,93,1,1,0
19,79,2,1,1,1,0,23,2,10,1,61,97,0,2,0
16,61,2,1,2,1,1,25,0,18,0,91,78,0,0,1
10,76,0,0,1,1,1,22,2,7,0,77,88,1,1,0
17,81,2,0,1,1,1,29,3,2,1,71,52,1,2,3
17,81,1,1,0,1,1,21,1,17,1,89,64,1,1,2
25,70,2,0,2,1,1,18,1,7,0,81,61,1,2,2
24,62,1,0,1,1,1,24,2,10,1,56,75,0,0,1
15,67,1,1,0,1,1,18,1,6,1,61,100,1,2,0
18,66,1,0,1,1,0,27,0,4,0,83,42,1,0,3
24,84,1,0,1,1,1,29,2,7,1,53,79,1,0,1
20,74,1,1,2,1,0,24,1,20,1,68,67,0,1,2
15,65,2,1,1,1,0,21,3,1,1,86,62,0,1,2
20,84,1,0,0,1,1,23,1,9,1,82,98,1,1,0
25,75,2,1,2,1,1,19,3,11,0,68,90,1,1,0
21,79,1,1,2,1,1,26,1,1,1,75,75,1,2,1
10,60,1,0,0,0,1,25,0,19,1,91,52,1,1,3
15,84,2,0,0,1,1,26,2,10,0,74,65,0,1,2
21,63,1,0,0,1,0,26,3,1,0,91,63,1,2,2
26,77,1,1,2,1,0,21,3,18,1,86,63,0,2,2
20,89,1,1,2,1,1,21,0,20,1,81,99,1,2,0
27,81,2,0,0,1,1,25,2,7,0,89,94,1,0,0
15,66,2,1,2,1,0,18,0,0,0,73,55,0,2,2
24,91,0,1,2,1,1,28,3,8,1,56,44,1,1,3
23,87,2,1,2,1,0,22,2,13,1,62,66,1,1,2
28,76,1,1,0,1,0,21,0,9,1,59,92,1,2,0
20,83,1,1,2,1,0,22,1,8,1,89,78,1,2,1
17,97,2,0,1,1,1,27,1,9,0,64,87,1,1,0
8,71,1,0,2,1,1,23,3,1,1,86,58,0,2,2
16,78,1,1,1,1,0,19,1,7,1,91,93,1,0,0
9,89,1,1,1,1,1,20,2,1,0,98,74,1,1,1
23,67,1,0,0,1,1,28,2,6,1,55,100,0,2,0
18,66,1,1,1,1,0,27,0,4,0,83,42,1,0,3
14,81,1,1,2,1,1,21,0,9,1,64,79,1,2,1
15,81,1,0,0,0,0,18,1,17,1,90,47,1,1,3
16,86,2,0,1,1,1,29,1,15,0,60,92,1,2,0
23,71,1,1,0,1,0,26,1,17,1,63,70,1,1,1
24,60,1,1,0,1,0,23,2,5,0,97,95,0,0,0
24,92,2,0,1,1,0,18,0,16,0,70,96,1,2,0
26,93,1,0,1,1,1,18,1,9,1,79,94,1,0,0
7,73,1,1,1,1,0,21,1,5,1,60,76,1,0,1
23,87,2,0,1,1,1,26,1,4,0,67,90,1,1,0
29,67,0,0,1,0,0,20,3,0,1,91,91,1,2,0
21,94,1,0,0,1,1,23,3,19,0,59,48,1,2,3
26,87,1,1,2,1,1,18,0,5,1,55,46,0,2,3
23,93,1,0,1,1,0,25,0,5,0,61,75,0,0,1
24,76,2,0,0,1,1,26,2,3,0,99,40,1,2,3
17,65,0,1,1,1,0,28,2,12,0,88,72,0,0,1
25,88,2,1,0,1,1,22,0,4,0,53,45,1,2,3
17,63,1,1,1,1,1,18,0,20,1,57,99,0,1,0
30,84,1,0,0,1,1,23,1,13,1,55,60,1,2,2
13,74,2,1,2,1,1,23,2,19,1,62,49,1,1,3
25,62,1,0,1,1,1,18,3,11,1,89,63,1,0,2
12,97,0,1,1,1,1,29,2,6,1,64,42,1,1,3
8,78,1,1,1,1,1,28,2,15,1,72,92,0,0,0
18,78,0,1,2,1,1,24,2,15,1,76,83,0,2,1
21,79,1,1,2,1,0,26,1,5,1,62,54,1,1,3
20,98,2,1,1,1,0,27,3,7,1,88,71,0,2,1
22,86,1,1,2,1,1,24,3,6,1,73,55,1,2,2
17,67,1,0,1,1,0,28,2,18,1,78,70,1,0,1
17,86,1,1,0,1,1,24,3,20,1,88,73,1,2,1
22,78,1,1,1,1,1,22,3,10,0,87,65,0,0,2
22,71,2,1,2,1,0,22,1,8,1,73,97,1,2,0
16,74,1,0,1,1,0,18,0,15,1,72,93,0,1,0
11,76,1,1,1,1,1,25,2,19,1,99,84,1,2,1
15,65,0,1,1,1,0,25,0,16,1,65,90,0,2,0
17,63,1,0,1,1,0,23,3,20,1,72,42,0,2,3
25,86,1,0,1,1,1,18,3,9,1,51,51,1,2,3
20,63,0,0,0,1,1,18,3,6,1,66,94,1,0,0
21,91,2,1,1,1,1,26,0,10,0,83,98,0,2,0
12,88,1,0,0,1,1,20,2,12,1,86,77,1,1,1
22,61,0,0,2,1,0,24,3,14,1,97,90,1,2,0
28,74,2,0,2,1,1,27,1,0,1,85,91,1,2,0
20,62,1,1,1,1,0,21,1,1,1,64,99,0,0,0
27,63,2,1,1,1,0,18,2,11,1,85,56,1,1,2
11,77,0,1,0,1,1,21,3,13,0,84,52,1,2,3
20,78,1,0,1,1,1,25,3,11,1,76,74,1,2,1
26,76,1,0,0,1,1,29,2,17,1,70,91,1,2,0
24,84,2,0,1,1,1,29,2,15,0,70,76,1,2,1
29,73,1,0,1,1,0,18,1,2,1,71,42,0,1,3
14,73,0,1,0,1,0,18,2,4,1,90,75,1,0,1
9,86,2,0,1,1,0,19,3,4,0,100,97,1,2,0
19,84,1,1,1,1,1,28,1,6,0,71,99,1,2,0
20,61,2,0,1,1,0,29,2,1,1,91,70,0,0,1
13,93,2,0,0,1,1,23,3,9,1,94,75,1,0,1
22,90,2,0,2,1,1,22,2,19,0,69,55,0,1,2
16,79,1,1,1,1,0,29,0,14,0,73,47,1,2,3
17,94,2,0,2,1,1,19,3,3,1,74,92,0,2,0
16,74,2,0,1,1,1,28,0,13,1,82,68,1,0,2
19,87,2,0,0,1,1,18,1,2,1,67,98,0,1,0
15,80,2,0,1,1,0,23,2,2,0,50,56,0,1,2
16,68,1,1,1,0,1,21,1,0,1,82,45,0,1,3
27,68,1,0,1,1,0,23,0,18,1,50,52,1,1,3
20,82,1,1,1,1,0,29,1,4,1,95,68,0,1,2
22,83,2,1,1,0,0,20,2,2,0,66,87,1,2,0
14,66,1,1,1,1,1,28,0,0,1,74,83,0,2,1
20,98,1,1,2,1,1,25,1,10,1,61,59,1,2,2
18,70,1,1,1,1,1,24,3,8,1,90,69,0,2,2
20,62,1,1,2,1,1,24,1,6,0,56,79,1,0,1
11,79,1,0,0,1,0,28,2,10,1,69,56,1,2,2
24,62,2,0,0,1,0,29,1,11,0,50,100,1,2,0
24,77,1,0,2,1,1,21,2,8,1,56,76,0,2,1
16,96,1,1,1,1,1,19,0,9,0,59,51,1,2,3
20,68,1,1,0,1,0,18,1,13,1,61,42,1,2,3
29,76,1,0,0,1,1,26,2,10,0,71,44,0,2,3
15,68,2,0,2,1,0,25,2,1,1,69,66,0,1,2
21,94,2,0,0,1,0,26,3,8,1,56,77,1,0,1
21,82,2,0,2,1,1,25,0,8,1,78,46,1,2,3
31,76,2,1,1,1,1,27,2,11,1,72,84,1,2,1
22,80,1,1,1,1,0,20,0,3,1,64,62,0,1,2
19,92,1,1,1,0,1,18,1,10,1,81,46,0,0,3
28,64,0,1,1,1,1,20,0,2,1,100,64,1,1,2
21,85,0,1,1,1,1,22,2,14,0,81,62,1,2,2
13,70,1,1,1,1,0,20,0,13,1,87,75,1,2,1
23,78,1,1,1,1,0,29,1,9,1,93,65,1,2,2
17,63,1,1,1,1,0,23,3,20,1,72,42,0,2,3
20,82,0,1,0,1,0,27,2,0,1,77,57,1,2,2
26,90,1,1,1,1,0,29,0,7,0,63,97,1,2,0
24,72,2,0,2,1,0,21,2,11,1,72,52,1,2,3
17,79,2,1,1,1,1,19,2,18,1,95,64,1,2,2
18,76,2,1,2,1,1,20,0,1,1,65,40,1,1,3
22,86,1,0,2,1,1,19,1,8,0,100,87,1,0,0
10,76,1,1,1,1,0,29,2,7,1,94,86,1,0,0
22,80,1,1,2,1,0,20,0,3,1,64,62,0,1,2
9,71,2,1,1,1,1,24,0,18,0,83,58,1,1,2
9,98,1,0,1,1,1,18,1,19,1,68,65,1,0,2
27,73,0,0,1,1,0,29,2,18,0,50,65,1,0,2
19,71,1,1,0,1,0,23,1,3,1,73,77,1,2,1
15,65,2,1,0,1,1,19,1,11,0,51,79,1,0,1
15,69,0,1,1,0,0,18,1,16,0,86,74,0,1,1
20,64,2,0,1,1,0,27,2,20,0,82,45,0,0,3
20,79,0,1,2,0,1,25,3,5,1,90,81,1,1,1
26,79,0,0,1,1,1,25,3,7,0,55,83,0,0,1
19,94,1,1,1,1,1,18,0,20,1,68,43,1,2,3
9,65,2,1,1,1,0,27,2,17,0,55,56,1,2,2
18,84,0,1,1,1,1,18,3,8,1,98,99,0,0,0
25,88,0,1,0,1,0,29,2,2,1,100,85,1,2,0
24,63,1,0,1,1,1,22,3,7,1,63,55,1,2,2
17,85,2,1,1,1,0,19,1,15,0,64,81,1,0,1
24,69,2,0,0,1,1,28,2,9,1,61,72,0,2,1
26,71,0,1,1,1,1,29,2,17,0,72,55,0,1,2
19,92,1,1,1,1,1,22,0,10,0,62,88,1,1,0
23,98,1,0,2,1,0,28,3,2,0,76,89,0,0,0
18,68,2,1,2,1,1,26,0,20,0,93,92,0,2,0
10,77,2,1,1,1,0,19,0,5,1,97,42,1,0,3
22,70,2,0,0,1,1,18,1,2,1,86,47,1,0,3
23,64,2,1,1,1,1,29,2,3,0,86,95,1,1,0
13,90,1,0,1,1,0,26,1,1,1,94,81,1,2,1
8,89,2,1,0,1,1,26,0,8,1,56,75,0,0,1
22,88,1,1,0,1,1,21,2,1,0,70,50,1,1,3
17,83,1,0,1,1,1,19,2,2,1,83,94,1,2,0
25,96,0,1,2,1,1,23,1,19,1,85,85,1,2,0
24,80,0,1,1,1,0,19,3,4,1,100,50,1,0,3
26,71,1,1,1,0,0,18,1,12,1,60,90,1,2,0
28,62,2,0,1,1,1,24,0,2,0,50,51,1,2,3
21,77,1,0,0,1,1,23,3,20,1,73,47,0,2,3
27,82,1,1,0,1,1,19,3,1,0,62,56,0,1,2
23,87,2,1,1,1,1,26,1,4,0,67,90,1,1,0
17,62,0,0,1,1,0,26,0,4,1,87,81,0,1,1
14,85,1,1,0,1,1,19,3,6,0,73,87,1,2,0
25,74,1,1,2,1,1,21,3,17,1,75,49,1,1,3
23,78,0,1,1,1,1,23,0,4,0,67,84,1,1,1
14,60,0,1,0,1,0,18,0,6,0,88,52,1,2,3
30,80,2,0,1,1,0,22,0,11,1,63,78,0,2,1
18,64,1,1,2,1,1,26,2,14,1,52,94,0,1,0
8,100,2,1,1,1,0,24,2,9,1,78,68,1,1,2
28,66,2,1,1,1,1,22,2,5,0,85,41,1,1,3
17,75,0,1,1,1,1,22,1,16,1,67,40,1,0,3
24,96,2,1,1,1,1,24,0,20,1,52,51,1,2,3
22,74,2,1,1,1,0,24,0,0,1,57,70,1,2,1
22,79,2,1,1,1,0,29,2,2,1,86,47,1,2,3
20,72,0,0,0,1,1,19,2,13,1,55,50,0,2,3
18,68,2,0,1,1,0,20,1,10,0,55,79,0,1,1
29,86,1,1,1,1,0,18,3,8,0,79,71,0,2,1
20,60,1,1,0,1,0,28,2,2,1,97,55,1,2,2
17,72,2,1,0,1,1,27,3,8,0,94,75,1,2,1
19,82,1,0,1,1,1,23,0,12,1,64,59,0,1,2
20,73,2,1,1,1,1,24,2,14,0,58,45,0,2,3
12,80,0,0,1,1,1,24,2,5,1,91,67,1,1,2
27,84,1,0,1,1,1,23,2,10,1,80,77,1,2,1
29,100,2,1,1,1,0,21,1,20,1,90,69,0,2,2
15,67,2,1,2,1,0,25,2,1,1,74,43,1,1,3
7,75,2,1,1,1,0,19,2,12,0,65,40,1,1,3
20,76,1,0,0,1,1,22,3,9,0,59,55,1,1,2
35,85,2,1,2,1,0,18,0,4,1,73,54,0,2,3
17,97,0,0,2,0,1,27,1,9,0,64,87,1,1,0
24,68,1,1,0,1,0,27,0,12,0,66,93,1,1,0
19,93,1,1,1,1,0,19,1,7,1,67,46,1,2,3
19,76,0,1,1,1,0,29,0,0,1,51,61,1,0,2
16,65,0,0,1,1,1,24,3,10,1,62,65,0,2,2
21,96,2,1,1,1,1,21,2,18,1,55,65,0,1,2
15,83,1,0,1,1,0,20,1,5,0,50,93,1,1,0
16,90,1,0,1,1,0,19,1,0,1,90,52,0,2,3
20,85,1,0,0,1,1,22,3,5,1,54,41,1,1,3
35,86,1,0,1,1,0,23,2,12,0,100,89,0,0,0
11,99,1,0,1,1,0,22,3,11,0,93,56,1,2,2
26,88,2,0,1,1,0,20,3,18,0,65,58,1,1,2
39,92,1,0,1,1,1,22,2,20,0,91,70,1,1,1
24,78,0,1,2,1,1,23,0,11,1,66,98,1,2,0
29,93,1,1,1,0,1,18,1,4,1,80,70,1,0,1
23,67,1,0,0,1,1,28,2,6,1,55,100,0,2,0
17,68,1,1,1,1,0,24,2,4,1,87,64,1,2,2
22,86,1,0,0,1,1,24,3,7,1,86,96,1,2,0
25,97,2,1,1,1,1,21,1,6,0,80,49,1,2,3
17,71,0,1,0,1,1,23,0,10,1,68,55,0,0,2
39,97,2,1,1,1,0,27,3,1,1,50,42,1,0,3
25,83,2,1,0,1,1,21,1,6,1,93,56,1,0,2
14,77,1,0,2,1,1,20,1,2,1,52,83,1,0,1
33,89,1,0,1,1,1,20,0,11,1,65,57,1,1,2
21,61,1,1,2,0,0,28,0,13,1,52,70,0,1,1
22,92,0,0,1,1,1,22,1,8,1,65,63,1,2,2
31,81,1,0,0,1,0,19,3,16,1,58,96,1,0,0
17,86,2,0,1,1,1,19,0,12,0,92,97,1,1,0
24,64,1,1,1,1,0,29,3,6,1,60,92,0,1,0
26,83,2,1,1,1,1,27,1,19,0,67,93,1,1,0
24,95,2,1,1,1,0,24,3,9,1,55,51,1,2,3
21,92,1,0,1,1,0,28,3,2,0,72,61,1,1,2
13,96,1,0,1,1,1,26,0,7,0,50,53,1,2,3
27,87,1,0,1,1,0,24,0,8,1,87,42,1,0,3
14,66,1,1,1,1,1,21,1,13,1,62,82,0,2,1
12,80,1,1,2,1,0,20,1,3,0,90,66,1,2,2
15,73,1,0,1,1,0,20,2,17,1,80,61,1,2,2
14,69,1,0,1,1,1,20,3,5,1,97,63,1,0,2
