Attendance	Motivation
60	0
60	0
60	0
60	0
60	0
60	0
60	0
60	0
60	0
60	0
60	0
60	0
60	0
60	0
60	0
60	0
60	0
60	0
60	0
60	0
60	0
60	0
60	0
60	0
60	0
60	0
60	0
60	0
60	0
60	0
60	0
60	0
60	0
60	0
60	0
60	0
60	0
60	0
60	0
60	0
60	0
60	0
60	0
60	0
60	0
60	0
60	0
60	0
60	0
60	0
60	0
60	0
60	0
60	0
60	1
60	1
60	1
60	1
60	1
60	1
60	1
60	1
60	1
60	1
60	1
60	1
60	1
60	1
60	1
60	1
60	1
60	1
60	1
60	1
60	1
60	1
60	1
60	1
60	1
60	1
60	1
60	1
60	1
60	1
60	1
60	1
60	1
60	1
60	1
60	1
60	1
60	1
60	1
60	1
60	1
60	1
60	1
60	1
60	1
60	1
60	1
60	1
60	1
60	1
60	1
60	1
60	1
60	1
60	1
60	1
60	1
60	1
60	1
60	1
60	1
60	1
60	1
60	1
60	1
60	1
60	1
60	1
60	1
60	1
60	2
60	2
60	2
60	2
60	2
60	2
60	2
60	2
60	2
60	2
60	2
60	2
60	2
60	2
60	2
60	2
60	2
60	2
60	2
60	2
60	2
60	2
60	2
60	2
60	2
60	2
60	2
60	2
60	2
60	2
60	2
60	2
60	2
60	2
60	2
61	0
61	0
61	0
61	0
61	0
61	0
61	0
61	0
61	0
61	0
61	0
61	0
61	0
61	0
61	0
61	0
61	0
61	0
61	0
61	0
61	0
61	0
61	0
61	0
61	0
61	0
61	0
61	0
61	0
61	0
61	0
61	0
61	0
61	0
61	0
61	0
61	0
61	0
61	0
61	0
61	0
61	0
61	0
61	0
61	0
61	0
61	0
61	0
61	0
61	0
61	0
61	0
61	0
61	0
61	0
61	0
61	0
61	0
61	0
61	0
61	0
61	0
61	0
61	0
61	0
61	0
61	0
61	0
61	0
61	0
61	0
61	0
61	0
61	0
61	0
61	0
61	0
61	0
61	0
61	0
61	0
61	0
61	0
61	0
61	0
61	0
61	0
61	0
61	0
61	0
61	0
61	0
61	0
61	0
61	0
61	0
61	0
61	0
61	0
61	0
61	1
61	1
61	1
61	1
61	1
61	1
61	1
61	1
61	1
61	1
61	1
61	1
61	1
61	1
61	1
61	1
61	1
61	1
61	1
61	1
61	1
61	1
61	1
61	1
61	1
61	1
61	1
61	1
61	1
61	1
61	1
61	1
61	1
61	1
61	1
61	1
61	1
61	1
61	1
61	1
61	1
61	1
61	1
61	1
61	1
61	1
61	1
61	1
61	1
61	1
61	1
61	1
61	1
61	1
61	1
61	1
61	1
61	1
61	1
61	1
61	1
61	1
61	1
61	1
61	1
61	1
61	1
61	1
61	1
61	1
61	1
61	1
61	1
61	1
61	1
61	1
61	1
61	1
61	1
61	1
61	1
61	1
61	1
61	1
61	1
61	1
61	1
61	1
61	1
61	1
61	1
61	1
61	1
61	1
61	1
61	1
61	1
61	1
61	1
61	1
61	1
61	1
61	1
61	1
61	1
61	1
61	1
61	1
61	1
61	1
61	1
61	1
61	1
61	1
61	1
61	1
61	1
61	1
61	1
61	1
61	1
61	1
61	1
61	1
61	1
61	1
61	1
61	1
61	1
61	1
61	1
61	1
61	1
61	1
61	1
61	2
61	2
61	2
61	2
61	2
61	2
61	2
61	2
61	2
61	2
61	2
61	2
61	2
61	2
61	2
61	2
61	2
61	2
61	2
61	2
61	2
61	2
61	2
61	2
61	2
61	2
61	2
61	2
61	2
61	2
61	2
61	2
61	2
61	2
61	2
61	2
61	2
61	2
61	2
61	2
61	2
61	2
61	2
61	2
61	2
61	2
61	2
61	2
61	2
61	2
61	2
61	2
61	2
61	2
61	2
61	2
61	2
61	2
61	2
61	2
61	2
61	2
61	2
61	2
61	2
61	2
61	2
61	2
61	2
61	2
61	2
61	2
61	2
61	2
61	2
61	2
61	2
61	2
61	2
61	2
61	2
61	2
61	2
61	2
61	2
61	2
61	2
61	2
61	2
61	2
62	0
62	0
62	0
62	0
62	0
62	0
62	0
62	0
62	0
62	0
62	0
62	0
62	0
62	0
62	0
62	0
62	0
62	0
62	0
62	0
62	0
62	0
62	0
62	0
62	0
62	0
62	0
62	0
62	0
62	0
62	0
62	0
62	0
62	0
62	0
62	0
62	0
62	0
62	0
62	0
62	0
62	0
62	0
62	0
62	0
62	0
62	0
62	0
62	0
62	0
62	0
62	0
62	0
62	0
62	0
62	0
62	0
62	0
62	0
62	0
62	0
62	0
62	0
62	0
62	0
62	0
62	0
62	0
62	0
62	0
62	0
62	0
62	0
62	0
62	0
62	0
62	0
62	0
62	0
62	0
62	1
62	1
62	1
62	1
62	1
62	1
62	1
62	1
62	1
62	1
62	1
62	1
62	1
62	1
62	1
62	1
62	1
62	1
62	1
62	1
62	1
62	1
62	1
62	1
62	1
62	1
62	1
62	1
62	1
62	1
62	1
62	1
62	1
62	1
62	1
62	1
62	1
62	1
62	1
62	1
62	1
62	1
62	1
62	1
62	1
62	1
62	1
62	1
62	1
62	1
62	1
62	1
62	1
62	1
62	1
62	1
62	1
62	1
62	1
62	1
62	1
62	1
62	1
62	1
62	1
62	1
62	1
62	1
62	1
62	1
62	1
62	1
62	1
62	1
62	1
62	1
62	1
62	1
62	1
62	1
62	1
62	1
62	1
62	1
62	1
62	1
62	1
62	1
62	1
62	1
62	1
62	1
62	1
62	1
62	1
62	1
62	1
62	1
62	1
62	1
62	1
62	1
62	1
62	1
62	1
62	1
62	1
62	1
62	1
62	1
62	1
62	1
62	1
62	1
62	1
62	1
62	1
62	1
62	1
62	1
62	1
62	1
62	1
62	1
62	1
62	1
62	1
62	1
62	1
62	1
62	1
62	1
62	1
62	1
62	1
62	1
62	1
62	1
62	1
62	1
62	1
62	1
62	1
62	1
62	1
62	1
62	1
62	1
62	1
62	1
62	1
62	1
62	1
62	2
62	2
62	2
62	2
62	2
62	2
62	2
62	2
62	2
62	2
62	2
62	2
62	2
62	2
62	2
62	2
62	2
62	2
62	2
62	2
62	2
62	2
62	2
62	2
62	2
62	2
62	2
62	2
62	2
62	2
62	2
62	2
62	2
62	2
62	2
62	2
62	2
62	2
62	2
62	2
62	2
62	2
62	2
62	2
62	2
62	2
62	2
62	2
62	2
62	2
62	2
62	2
62	2
62	2
62	2
62	2
62	2
62	2
62	2
62	2
62	2
62	2
62	2
62	2
62	2
62	2
62	2
62	2
62	2
62	2
62	2
62	2
62	2
62	2
62	2
62	2
62	2
62	2
62	2
62	2
62	2
62	2
62	2
62	2
62	2
62	2
62	2
62	2
62	2
62	2
62	2
63	0
63	0
63	0
63	0
63	0
63	0
63	0
63	0
63	0
63	0
63	0
63	0
63	0
63	0
63	0
63	0
63	0
63	0
63	0
63	0
63	0
63	0
63	0
63	0
63	0
63	0
63	0
63	0
63	0
63	0
63	0
63	0
63	0
63	0
63	0
63	0
63	0
63	0
63	0
63	0
63	0
63	0
63	0
63	0
63	0
63	0
63	0
63	0
63	0
63	0
63	0
63	0
63	0
63	0
63	0
63	0
63	0
63	0
63	0
63	0
63	0
63	0
63	0
63	0
63	0
63	0
63	0
63	0
63	0
63	0
63	0
63	0
63	0
63	0
63	0
63	0
63	0
63	0
63	0
63	0
63	0
63	0
63	0
63	0
63	0
63	0
63	0
63	0
63	0
63	0
63	0
63	0
63	0
63	0
63	0
63	0
63	0
63	0
63	0
63	0
63	0
63	0
63	0
63	1
63	1
63	1
63	1
63	1
63	1
63	1
63	1
63	1
63	1
63	1
63	1
63	1
63	1
63	1
63	1
63	1
63	1
63	1
63	1
63	1
63	1
63	1
63	1
63	1
63	1
63	1
63	1
63	1
63	1
63	1
63	1
63	1
63	1
63	1
63	1
63	1
63	1
63	1
63	1
63	1
63	1
63	1
63	1
63	1
63	1
63	1
63	1
63	1
63	1
63	1
63	1
63	1
63	1
63	1
63	1
63	1
63	1
63	1
63	1
63	1
63	1
63	1
63	1
63	1
63	1
63	1
63	1
63	1
63	1
63	1
63	1
63	1
63	1
63	1
63	1
63	1
63	1
63	1
63	1
63	1
63	1
63	1
63	1
63	1
63	1
63	1
63	1
63	1
63	1
63	1
63	1
63	1
63	1
63	1
63	1
63	1
63	1
63	1
63	1
63	1
63	1
63	1
63	1
63	1
63	1
63	1
63	1
63	1
63	1
63	1
63	1
63	1
63	1
63	1
63	1
63	1
63	1
63	1
63	1
63	1
63	1
63	1
63	1
63	1
63	1
63	1
63	1
63	1
63	1
63	1
63	1
63	1
63	1
63	1
63	1
63	1
63	1
63	1
63	1
63	1
63	1
63	1
63	1
63	1
63	1
63	1
63	1
63	1
63	1
63	1
63	2
63	2
63	2
63	2
63	2
63	2
63	2
63	2
63	2
63	2
63	2
63	2
63	2
63	2
63	2
63	2
63	2
63	2
63	2
63	2
63	2
63	2
63	2
63	2
63	2
63	2
63	2
63	2
63	2
63	2
63	2
63	2
63	2
63	2
63	2
63	2
63	2
63	2
63	2
63	2
63	2
63	2
63	2
63	2
63	2
63	2
63	2
63	2
63	2
64	0
64	0
64	0
64	0
64	0
64	0
64	0
64	0
64	0
64	0
64	0
64	0
64	0
64	0
64	0
64	0
64	0
64	0
64	0
64	0
64	0
64	0
64	0
64	0
64	0
64	0
64	0
64	0
64	0
64	0
64	0
64	0
64	0
64	0
64	0
64	0
64	0
64	0
64	0
64	0
64	0
64	0
64	0
64	0
64	0
64	0
64	0
64	0
64	0
64	0
64	0
64	0
64	0
64	0
64	0
64	0
64	0
64	0
64	0
64	0
64	0
64	0
64	0
64	0
64	0
64	0
64	0
64	0
64	0
64	0
64	0
64	0
64	0
64	0
64	0
64	0
64	0
64	0
64	0
64	0
64	0
64	0
64	0
64	0
64	0
64	0
64	0
64	0
64	0
64	0
64	0
64	0
64	0
64	0
64	0
64	0
64	0
64	0
64	0
64	0
64	0
64	0
64	0
64	0
64	0
64	0
64	0
64	0
64	1
64	1
64	1
64	1
64	1
64	1
64	1
64	1
64	1
64	1
64	1
64	1
64	1
64	1
64	1
64	1
64	1
64	1
64	1
64	1
64	1
64	1
64	1
64	1
64	1
64	1
64	1
64	1
64	1
64	1
64	1
64	1
64	1
64	1
64	1
64	1
64	1
64	1
64	1
64	1
64	1
64	1
64	1
64	1
64	1
64	1
64	1
64	1
64	1
64	1
64	1
64	1
64	1
64	1
64	1
64	1
64	1
64	1
64	1
64	1
64	1
64	1
64	1
64	1
64	1
64	1
64	1
64	1
64	1
64	1
64	1
64	1
64	1
64	1
64	1
64	1
64	1
64	1
64	1
64	1
64	1
64	1
64	1
64	1
64	1
64	1
64	1
64	1
64	1
64	1
64	1
64	1
64	1
64	1
64	1
64	1
64	1
64	1
64	1
64	1
64	1
64	1
64	1
64	1
64	1
64	1
64	1
64	1
64	1
64	1
64	1
64	1
64	1
64	1
64	1
64	1
64	1
64	1
64	1
64	1
64	1
64	1
64	1
64	1
64	1
64	1
64	1
64	1
64	1
64	1
64	1
64	1
64	1
64	1
64	1
64	1
64	1
64	1
64	1
64	1
64	1
64	1
64	1
64	1
64	1
64	1
64	1
64	1
64	1
64	1
64	1
64	1
64	1
64	1
64	1
64	1
64	1
64	1
64	1
64	1
64	1
64	1
64	1
64	1
64	1
64	1
64	1
64	1
64	1
64	1
64	1
64	1
64	1
64	1
64	2
64	2
64	2
64	2
64	2
64	2
64	2
64	2
64	2
64	2
64	2
64	2
64	2
64	2
64	2
64	2
64	2
64	2
64	2
64	2
64	2
64	2
64	2
64	2
64	2
64	2
64	2
64	2
64	2
64	2
64	2
64	2
64	2
64	2
64	2
64	2
64	2
64	2
64	2
64	2
64	2
64	2
64	2
64	2
64	2
64	2
64	2
64	2
64	2
64	2
64	2
64	2
64	2
64	2
64	2
64	2
64	2
64	2
64	2
64	2
64	2
64	2
64	2
64	2
64	2
64	2
64	2
65	0
65	0
65	0
65	0
65	0
65	0
65	0
65	0
65	0
65	0
65	0
65	0
65	0
65	0
65	0
65	0
65	0
65	0
65	0
65	0
65	0
65	0
65	0
65	0
65	0
65	0
65	0
65	0
65	0
65	0
65	0
65	0
65	0
65	0
65	0
65	0
65	0
65	0
65	0
65	0
65	0
65	0
65	0
65	0
65	0
65	0
65	0
65	0
65	0
65	0
65	0
65	0
65	0
65	0
65	0
65	0
65	0
65	0
65	0
65	0
65	0
65	0
65	0
65	0
65	0
65	0
65	0
65	0
65	0
65	0
65	0
65	0
65	0
65	0
65	0
65	0
65	0
65	0
65	0
65	0
65	0
65	0
65	0
65	0
65	0
65	0
65	0
65	0
65	1
65	1
65	1
65	1
65	1
65	1
65	1
65	1
65	1
65	1
65	1
65	1
65	1
65	1
65	1
65	1
65	1
65	1
65	1
65	1
65	1
65	1
65	1
65	1
65	1
65	1
65	1
65	1
65	1
65	1
65	1
65	1
65	1
65	1
65	1
65	1
65	1
65	1
65	1
65	1
65	1
65	1
65	1
65	1
65	1
65	1
65	1
65	1
65	1
65	1
65	1
65	1
65	1
65	1
65	1
65	1
65	1
65	1
65	1
65	1
65	1
65	1
65	1
65	1
65	1
65	1
65	1
65	1
65	1
65	1
65	1
65	1
65	1
65	1
65	1
65	1
65	1
65	1
65	1
65	1
65	1
65	1
65	1
65	1
65	1
65	1
65	1
65	1
65	1
65	1
65	1
65	1
65	1
65	1
65	1
65	1
65	1
65	1
65	1
65	1
65	1
65	1
65	1
65	1
65	1
65	1
65	1
65	1
65	1
65	1
65	1
65	1
65	1
65	1
65	1
65	1
65	1
65	1
65	1
65	1
65	1
65	1
65	1
65	1
65	1
65	1
65	1
65	1
65	1
65	1
65	1
65	1
65	1
65	1
65	1
65	1
65	1
65	1
65	1
65	1
65	1
65	1
65	1
65	1
65	1
65	1
65	1
65	1
65	1
65	1
65	2
65	2
65	2
65	2
65	2
65	2
65	2
65	2
65	2
65	2
65	2
65	2
65	2
65	2
65	2
65	2
65	2
65	2
65	2
65	2
65	2
65	2
65	2
65	2
65	2
65	2
65	2
65	2
66	0
66	0
66	0
66	0
66	0
66	0
66	0
66	0
66	0
66	0
66	0
66	0
66	0
66	0
66	0
66	0
66	0
66	0
66	0
66	0
66	0
66	0
66	0
66	0
66	0
66	0
66	0
66	0
66	0
66	0
66	0
66	0
66	0
66	0
66	0
66	0
66	0
66	0
66	0
66	0
66	0
66	0
66	0
66	0
66	0
66	0
66	0
66	0
66	0
66	0
66	0
66	0
66	0
66	0
66	0
66	0
66	0
66	0
66	0
66	0
66	0
66	0
66	0
66	0
66	0
66	1
66	1
66	1
66	1
66	1
66	1
66	1
66	1
66	1
66	1
66	1
66	1
66	1
66	1
66	1
66	1
66	1
66	1
66	1
66	1
66	1
66	1
66	1
66	1
66	1
66	1
66	1
66	1
66	1
66	1
66	1
66	1
66	1
66	1
66	1
66	1
66	1
66	1
66	1
66	1
66	1
66	1
66	1
66	1
66	1
66	1
66	1
66	1
66	1
66	1
66	1
66	1
66	1
66	1
66	1
66	1
66	1
66	1
66	1
66	1
66	1
66	1
66	1
66	1
66	1
66	1
66	1
66	1
66	1
66	1
66	1
66	1
66	1
66	1
66	1
66	1
66	1
66	1
66	1
66	1
66	1
66	1
66	1
66	1
66	1
66	1
66	1
66	1
66	1
66	1
66	1
66	1
66	1
66	1
66	1
66	1
66	1
66	1
66	1
66	1
66	1
66	1
66	1
66	1
66	1
66	1
66	1
66	1
66	1
66	1
66	1
66	1
66	1
66	1
66	1
66	1
66	1
66	1
66	1
66	1
66	1
66	1
66	1
66	1
66	1
66	1
66	1
66	1
66	1
66	1
66	1
66	1
66	1
66	1
66	1
66	1
66	1
66	1
66	1
66	1
66	1
66	1
66	1
66	1
66	1
66	1
66	2
66	2
66	2
66	2
66	2
66	2
66	2
66	2
66	2
66	2
66	2
66	2
66	2
66	2
66	2
66	2
66	2
66	2
66	2
66	2
66	2
66	2
66	2
66	2
66	2
66	2
66	2
66	2
66	2
66	2
66	2
66	2
66	2
66	2
66	2
66	2
66	2
66	2
67	0
67	0
67	0
67	0
67	0
67	0
67	0
67	0
67	0
67	0
67	0
67	0
67	0
67	0
67	0
67	0
67	0
67	0
67	0
67	0
67	0
67	0
67	0
67	0
67	0
67	0
67	0
67	0
67	0
67	0
67	0
67	0
67	0
67	0
67	0
67	0
67	0
67	0
67	0
67	0
67	0
67	0
67	0
67	0
67	0
67	0
67	0
67	0
67	0
67	0
67	0
67	0
67	0
67	0
67	0
67	0
67	0
67	0
67	0
67	0
67	0
67	0
67	0
67	0
67	0
67	0
67	0
67	0
67	0
67	0
67	0
67	0
67	0
67	0
67	0
67	0
67	0
67	0
67	0
67	0
67	0
67	0
67	1
67	1
67	1
67	1
67	1
67	1
67	1
67	1
67	1
67	1
67	1
67	1
67	1
67	1
67	1
67	1
67	1
67	1
67	1
67	1
67	1
67	1
67	1
67	1
67	1
67	1
67	1
67	1
67	1
67	1
67	1
67	1
67	1
67	1
67	1
67	1
67	1
67	1
67	1
67	1
67	1
67	1
67	1
67	1
67	1
67	1
67	1
67	1
67	1
67	1
67	1
67	1
67	1
67	1
67	1
67	1
67	1
67	1
67	1
67	1
67	1
67	1
67	1
67	1
67	1
67	1
67	1
67	1
67	1
67	1
67	1
67	1
67	1
67	1
67	1
67	1
67	1
67	1
67	1
67	1
67	1
67	1
67	1
67	1
67	1
67	1
67	1
67	1
67	1
67	1
67	1
67	1
67	1
67	1
67	1
67	1
67	1
67	1
67	1
67	1
67	1
67	1
67	1
67	1
67	1
67	1
67	1
67	1
67	1
67	1
67	1
67	1
67	1
67	1
67	1
67	1
67	1
67	1
67	1
67	1
67	1
67	1
67	1
67	1
67	1
67	1
67	1
67	1
67	1
67	1
67	1
67	1
67	1
67	1
67	1
67	1
67	1
67	1
67	1
67	1
67	1
67	1
67	1
67	1
67	1
67	1
67	1
67	1
67	1
67	1
67	1
67	1
67	1
67	1
67	1
67	1
67	1
67	1
67	1
67	1
67	1
67	1
67	2
67	2
67	2
67	2
67	2
67	2
67	2
67	2
67	2
67	2
67	2
67	2
67	2
67	2
67	2
67	2
67	2
67	2
67	2
67	2
67	2
67	2
67	2
67	2
67	2
67	2
67	2
67	2
67	2
67	2
67	2
67	2
67	2
67	2
67	2
67	2
67	2
67	2
67	2
67	2
67	2
67	2
67	2
67	2
67	2
67	2
67	2
67	2
67	2
67	2
67	2
67	2
67	2
67	2
67	2
67	2
67	2
67	2
67	2
67	2
67	2
67	2
67	2
67	2
67	2
67	2
67	2
67	2
67	2
67	2
67	2
67	2
67	2
67	2
67	2
67	2
67	2
67	2
67	2
67	2
67	2
67	2
67	2
67	2
67	2
67	2
67	2
67	2
67	2
67	2
67	2
68	0
68	0
68	0
68	0
68	0
68	0
68	0
68	0
68	0
68	0
68	0
68	0
68	0
68	0
68	0
68	0
68	0
68	0
68	0
68	0
68	0
68	0
68	0
68	0
68	0
68	0
68	0
68	0
68	0
68	0
68	0
68	0
68	0
68	0
68	0
68	0
68	0
68	0
68	0
68	0
68	0
68	0
68	0
68	0
68	0
68	0
68	0
68	0
68	0
68	0
68	0
68	0
68	0
68	0
68	0
68	0
68	0
68	0
68	0
68	0
68	0
68	0
68	0
68	0
68	0
68	0
68	0
68	0
68	0
68	0
68	0
68	0
68	0
68	0
68	0
68	0
68	1
68	1
68	1
68	1
68	1
68	1
68	1
68	1
68	1
68	1
68	1
68	1
68	1
68	1
68	1
68	1
68	1
68	1
68	1
68	1
68	1
68	1
68	1
68	1
68	1
68	1
68	1
68	1
68	1
68	1
68	1
68	1
68	1
68	1
68	1
68	1
68	1
68	1
68	1
68	1
68	1
68	1
68	1
68	1
68	1
68	1
68	1
68	1
68	1
68	1
68	1
68	1
68	1
68	1
68	1
68	1
68	1
68	1
68	1
68	1
68	1
68	1
68	1
68	1
68	1
68	1
68	1
68	1
68	1
68	1
68	1
68	1
68	1
68	1
68	1
68	1
68	1
68	1
68	1
68	1
68	1
68	1
68	1
68	1
68	1
68	1
68	1
68	1
68	1
68	1
68	1
68	1
68	1
68	1
68	1
68	1
68	1
68	1
68	1
68	1
68	1
68	1
68	1
68	1
68	1
68	1
68	1
68	1
68	1
68	1
68	1
68	1
68	1
68	1
68	1
68	1
68	1
68	1
68	1
68	1
68	1
68	1
68	1
68	1
68	1
68	1
68	1
68	1
68	1
68	1
68	1
68	1
68	1
68	1
68	1
68	1
68	1
68	1
68	1
68	1
68	1
68	1
68	1
68	1
68	1
68	1
68	1
68	1
68	1
68	1
68	1
68	1
68	1
68	1
68	1
68	1
68	1
68	1
68	1
68	1
68	1
68	1
68	1
68	1
68	1
68	1
68	1
68	1
68	1
68	1
68	1
68	1
68	1
68	1
68	1
68	1
68	1
68	1
68	1
68	1
68	1
68	1
68	1
68	1
68	1
68	1
68	1
68	1
68	1
68	1
68	1
68	1
68	1
68	1
68	1
68	1
68	1
68	1
68	1
68	1
68	1
68	1
68	1
68	1
68	2
68	2
68	2
68	2
68	2
68	2
68	2
68	2
68	2
68	2
68	2
68	2
68	2
68	2
68	2
68	2
68	2
68	2
68	2
68	2
68	2
68	2
68	2
68	2
68	2
68	2
68	2
68	2
68	2
68	2
68	2
68	2
68	2
68	2
68	2
68	2
68	2
68	2
68	2
68	2
68	2
68	2
68	2
68	2
68	2
68	2
68	2
68	2
68	2
68	2
68	2
68	2
68	2
68	2
68	2
68	2
68	2
68	2
68	2
68	2
68	2
68	2
68	2
68	2
68	2
68	2
68	2
68	2
68	2
68	2
68	2
68	2
68	2
68	2
68	2
68	2
68	2
68	2
68	2
68	2
68	2
68	2
68	2
68	2
68	2
68	2
68	2
68	2
69	0
69	0
69	0
69	0
69	0
69	0
69	0
69	0
69	0
69	0
69	0
69	0
69	0
69	0
69	0
69	0
69	0
69	0
69	0
69	0
69	0
69	0
69	0
69	0
69	0
69	0
69	0
69	0
69	0
69	0
69	0
69	0
69	0
69	0
69	0
69	0
69	0
69	0
69	0
69	0
69	0
69	0
69	0
69	0
69	0
69	0
69	0
69	0
69	0
69	0
69	0
69	0
69	0
69	0
69	0
69	0
69	0
69	0
69	0
69	0
69	0
69	0
69	0
69	0
69	0
69	0
69	0
69	0
69	0
69	0
69	0
69	0
69	0
69	0
69	0
69	0
69	0
69	0
69	0
69	0
69	0
69	0
69	0
69	0
69	0
69	0
69	0
69	0
69	0
69	0
69	0
69	0
69	0
69	0
69	0
69	0
69	0
69	0
69	0
69	0
69	0
69	0
69	0
69	0
69	0
69	0
69	0
69	1
69	1
69	1
69	1
69	1
69	1
69	1
69	1
69	1
69	1
69	1
69	1
69	1
69	1
69	1
69	1
69	1
69	1
69	1
69	1
69	1
69	1
69	1
69	1
69	1
69	1
69	1
69	1
69	1
69	1
69	1
69	1
69	1
69	1
69	1
69	1
69	1
69	1
69	1
69	1
69	1
69	1
69	1
69	1
69	1
69	1
69	1
69	1
69	1
69	1
69	1
69	1
69	1
69	1
69	1
69	1
69	1
69	1
69	1
69	1
69	1
69	1
69	1
69	1
69	1
69	1
69	1
69	1
69	1
69	1
69	1
69	1
69	1
69	1
69	1
69	1
69	1
69	1
69	1
69	1
69	1
69	1
69	1
69	1
69	1
69	1
69	1
69	1
69	1
69	1
69	1
69	1
69	1
69	1
69	1
69	1
69	1
69	1
69	1
69	1
69	1
69	1
69	1
69	1
69	1
69	1
69	1
69	1
69	1
69	1
69	1
69	1
69	1
69	1
69	1
69	1
69	1
69	1
69	1
69	1
69	1
69	1
69	1
69	1
69	1
69	1
69	1
69	1
69	1
69	1
69	1
69	1
69	1
69	1
69	1
69	1
69	1
69	1
69	1
69	1
69	1
69	1
69	1
69	1
69	1
69	1
69	1
69	1
69	1
69	1
69	1
69	1
69	1
69	1
69	1
69	1
69	1
69	1
69	1
69	1
69	1
69	1
69	1
69	1
69	1
69	1
69	1
69	1
69	1
69	1
69	1
69	1
69	1
69	1
69	1
69	1
69	1
69	1
69	1
69	1
69	1
69	1
69	1
69	1
69	2
69	2
69	2
69	2
69	2
69	2
69	2
69	2
69	2
69	2
69	2
69	2
69	2
69	2
69	2
69	2
69	2
69	2
69	2
69	2
69	2
69	2
69	2
69	2
69	2
69	2
69	2
69	2
69	2
69	2
69	2
69	2
69	2
69	2
69	2
69	2
69	2
69	2
69	2
69	2
69	2
70	0
70	0
70	0
70	0
70	0
70	0
70	0
70	0
70	0
70	0
70	0
70	0
70	0
70	0
70	0
70	0
70	0
70	0
70	0
70	0
70	0
70	0
70	0
70	0
70	0
70	0
70	0
70	0
70	0
70	0
70	0
70	0
70	0
70	0
70	0
70	0
70	0
70	0
70	0
70	0
70	0
70	0
70	0
70	0
70	0
70	0
70	0
70	0
70	0
70	0
70	0
70	0
70	0
70	0
70	0
70	0
70	0
70	0
70	0
70	0
70	0
70	0
70	0
70	0
70	0
70	1
70	1
70	1
70	1
70	1
70	1
70	1
70	1
70	1
70	1
70	1
70	1
70	1
70	1
70	1
70	1
70	1
70	1
70	1
70	1
70	1
70	1
70	1
70	1
70	1
70	1
70	1
70	1
70	1
70	1
70	1
70	1
70	1
70	1
70	1
70	1
70	1
70	1
70	1
70	1
70	1
70	1
70	1
70	1
70	1
70	1
70	1
70	1
70	1
70	1
70	1
70	1
70	1
70	1
70	1
70	1
70	1
70	1
70	1
70	1
70	1
70	1
70	1
70	1
70	1
70	1
70	1
70	1
70	1
70	1
70	1
70	1
70	1
70	1
70	1
70	1
70	1
70	1
70	1
70	1
70	1
70	1
70	1
70	1
70	1
70	1
70	1
70	1
70	1
70	1
70	1
70	1
70	1
70	1
70	1
70	1
70	1
70	1
70	1
70	1
70	1
70	1
70	1
70	1
70	1
70	1
70	1
70	1
70	1
70	1
70	1
70	1
70	1
70	1
70	1
70	1
70	1
70	1
70	1
70	1
70	1
70	1
70	1
70	1
70	1
70	1
70	1
70	1
70	1
70	1
70	1
70	1
70	1
70	1
70	1
70	2
70	2
70	2
70	2
70	2
70	2
70	2
70	2
70	2
70	2
70	2
70	2
70	2
70	2
70	2
70	2
70	2
70	2
70	2
70	2
70	2
70	2
70	2
70	2
70	2
70	2
70	2
70	2
70	2
70	2
70	2
70	2
70	2
70	2
70	2
70	2
70	2
70	2
70	2
70	2
70	2
70	2
70	2
70	2
70	2
70	2
70	2
70	2
70	2
70	2
70	2
70	2
70	2
70	2
70	2
70	2
70	2
70	2
70	2
70	2
70	2
70	2
70	2
71	0
71	0
71	0
71	0
71	0
71	0
71	0
71	0
71	0
71	0
71	0
71	0
71	0
71	0
71	0
71	0
71	0
71	0
71	0
71	0
71	0
71	0
71	0
71	0
71	0
71	0
71	0
71	0
71	0
71	0
71	0
71	0
71	0
71	0
71	0
71	0
71	0
71	0
71	0
71	0
71	0
71	0
71	0
71	0
71	0
71	0
71	0
71	0
71	0
71	0
71	0
71	0
71	0
71	0
71	0
71	0
71	0
71	0
71	0
71	0
71	0
71	0
71	0
71	0
71	0
71	0
71	0
71	0
71	0
71	0
71	0
71	0
71	0
71	0
71	0
71	0
71	0
71	0
71	0
71	0
71	0
71	0
71	0
71	0
71	0
71	0
71	0
71	0
71	0
71	0
71	0
71	0
71	0
71	0
71	0
71	0
71	0
71	0
71	0
71	0
71	0
71	0
71	0
71	0
71	0
71	0
71	0
71	1
71	1
71	1
71	1
71	1
71	1
71	1
71	1
71	1
71	1
71	1
71	1
71	1
71	1
71	1
71	1
71	1
71	1
71	1
71	1
71	1
71	1
71	1
71	1
71	1
71	1
71	1
71	1
71	1
71	1
71	1
71	1
71	1
71	1
71	1
71	1
71	1
71	1
71	1
71	1
71	1
71	1
71	1
71	1
71	1
71	1
71	1
71	1
71	1
71	1
71	1
71	1
71	1
71	1
71	1
71	1
71	1
71	1
71	1
71	1
71	1
71	1
71	1
71	1
71	1
71	1
71	1
71	1
71	1
71	1
71	1
71	1
71	1
71	1
71	1
71	1
71	1
71	1
71	1
71	1
71	1
71	1
71	1
71	1
71	1
71	1
71	1
71	1
71	1
71	1
71	1
71	1
71	1
71	1
71	1
71	1
71	1
71	1
71	1
71	1
71	1
71	1
71	1
71	1
71	1
71	1
71	1
71	1
71	1
71	1
71	1
71	1
71	1
71	1
71	1
71	1
71	1
71	1
71	1
71	1
71	1
71	1
71	1
71	1
71	1
71	1
71	1
71	1
71	1
71	1
71	1
71	1
71	1
71	1
71	1
71	1
71	1
71	1
71	1
71	1
71	1
71	1
71	1
71	1
71	1
71	1
71	1
71	1
71	1
71	1
71	1
71	1
71	1
71	1
71	1
71	2
71	2
71	2
71	2
71	2
71	2
71	2
71	2
71	2
71	2
71	2
71	2
71	2
71	2
71	2
71	2
71	2
71	2
71	2
71	2
71	2
71	2
71	2
71	2
71	2
71	2
71	2
71	2
71	2
71	2
71	2
71	2
71	2
71	2
71	2
71	2
71	2
71	2
71	2
71	2
71	2
71	2
71	2
71	2
71	2
71	2
71	2
71	2
71	2
71	2
71	2
71	2
71	2
71	2
71	2
72	0
72	0
72	0
72	0
72	0
72	0
72	0
72	0
72	0
72	0
72	0
72	0
72	0
72	0
72	0
72	0
72	0
72	0
72	0
72	0
72	0
72	0
72	0
72	0
72	0
72	0
72	0
72	0
72	0
72	0
72	0
72	0
72	0
72	0
72	0
72	0
72	0
72	0
72	0
72	0
72	0
72	0
72	0
72	0
72	0
72	0
72	0
72	0
72	0
72	0
72	0
72	0
72	0
72	0
72	0
72	0
72	0
72	0
72	0
72	0
72	0
72	0
72	0
72	0
72	0
72	0
72	0
72	0
72	0
72	0
72	0
72	0
72	0
72	0
72	0
72	0
72	0
72	0
72	0
72	0
72	0
72	0
72	0
72	0
72	0
72	0
72	0
72	0
72	0
72	0
72	0
72	0
72	0
72	0
72	0
72	0
72	0
72	0
72	0
72	0
72	0
72	0
72	0
72	1
72	1
72	1
72	1
72	1
72	1
72	1
72	1
72	1
72	1
72	1
72	1
72	1
72	1
72	1
72	1
72	1
72	1
72	1
72	1
72	1
72	1
72	1
72	1
72	1
72	1
72	1
72	1
72	1
72	1
72	1
72	1
72	1
72	1
72	1
72	1
72	1
72	1
72	1
72	1
72	1
72	1
72	1
72	1
72	1
72	1
72	1
72	1
72	1
72	1
72	1
72	1
72	1
72	1
72	1
72	1
72	1
72	1
72	1
72	1
72	1
72	1
72	1
72	1
72	1
72	1
72	1
72	1
72	1
72	1
72	1
72	1
72	1
72	1
72	1
72	1
72	1
72	1
72	1
72	1
72	1
72	1
72	1
72	1
72	1
72	1
72	1
72	1
72	1
72	1
72	1
72	1
72	1
72	1
72	1
72	1
72	1
72	1
72	1
72	1
72	1
72	1
72	1
72	1
72	1
72	1
72	1
72	1
72	1
72	1
72	1
72	1
72	1
72	1
72	1
72	1
72	1
72	1
72	2
72	2
72	2
72	2
72	2
72	2
72	2
72	2
72	2
72	2
72	2
72	2
72	2
72	2
72	2
72	2
72	2
72	2
72	2
72	2
72	2
72	2
72	2
72	2
72	2
72	2
72	2
72	2
72	2
72	2
72	2
72	2
72	2
72	2
72	2
72	2
72	2
72	2
72	2
72	2
72	2
72	2
72	2
72	2
72	2
72	2
72	2
72	2
72	2
72	2
72	2
72	2
72	2
72	2
72	2
72	2
72	2
72	2
72	2
72	2
72	2
72	2
72	2
72	2
72	2
72	2
72	2
72	2
72	2
72	2
72	2
72	2
72	2
72	2
72	2
72	2
73	0
73	0
73	0
73	0
73	0
73	0
73	0
73	0
73	0
73	0
73	0
73	0
73	0
73	0
73	0
73	0
73	0
73	0
73	0
73	0
73	0
73	0
73	0
73	0
73	0
73	0
73	0
73	0
73	0
73	0
73	0
73	0
73	0
73	0
73	0
73	0
73	0
73	0
73	0
73	0
73	0
73	0
73	0
73	0
73	0
73	0
73	0
73	0
73	0
73	0
73	0
73	0
73	0
73	0
73	0
73	0
73	0
73	0
73	0
73	0
73	0
73	0
73	0
73	0
73	0
73	0
73	0
73	0
73	0
73	1
73	1
73	1
73	1
73	1
73	1
73	1
73	1
73	1
73	1
73	1
73	1
73	1
73	1
73	1
73	1
73	1
73	1
73	1
73	1
73	1
73	1
73	1
73	1
73	1
73	1
73	1
73	1
73	1
73	1
73	1
73	1
73	1
73	1
73	1
73	1
73	1
73	1
73	1
73	1
73	1
73	1
73	1
73	1
73	1
73	1
73	1
73	1
73	1
73	1
73	1
73	1
73	1
73	1
73	1
73	1
73	1
73	1
73	1
73	1
73	1
73	1
73	1
73	1
73	1
73	1
73	1
73	1
73	1
73	1
73	1
73	1
73	1
73	1
73	1
73	1
73	1
73	1
73	1
73	1
73	1
73	1
73	1
73	1
73	1
73	1
73	1
73	1
73	1
73	1
73	1
73	1
73	1
73	1
73	1
73	1
73	1
73	1
73	1
73	1
73	1
73	1
73	1
73	1
73	1
73	1
73	1
73	1
73	1
73	1
73	1
73	1
73	1
73	1
73	1
73	1
73	1
73	1
73	1
73	1
73	1
73	1
73	1
73	1
73	1
73	1
73	1
73	1
73	1
73	1
73	1
73	1
73	1
73	1
73	1
73	1
73	1
73	1
73	1
73	1
73	1
73	1
73	1
73	1
73	1
73	1
73	1
73	1
73	1
73	1
73	1
73	1
73	1
73	1
73	1
73	1
73	1
73	1
73	1
73	1
73	1
73	1
73	1
73	1
73	1
73	1
73	1
73	1
73	1
73	2
73	2
73	2
73	2
73	2
73	2
73	2
73	2
73	2
73	2
73	2
73	2
73	2
73	2
73	2
73	2
73	2
73	2
73	2
73	2
73	2
73	2
73	2
73	2
73	2
73	2
73	2
73	2
73	2
73	2
73	2
73	2
73	2
73	2
73	2
73	2
73	2
73	2
73	2
73	2
73	2
73	2
73	2
73	2
73	2
73	2
73	2
73	2
73	2
73	2
73	2
73	2
73	2
73	2
73	2
73	2
73	2
73	2
73	2
73	2
73	2
74	0
74	0
74	0
74	0
74	0
74	0
74	0
74	0
74	0
74	0
74	0
74	0
74	0
74	0
74	0
74	0
74	0
74	0
74	0
74	0
74	0
74	0
74	0
74	0
74	0
74	0
74	0
74	0
74	0
74	0
74	0
74	0
74	0
74	0
74	0
74	0
74	0
74	0
74	0
74	0
74	0
74	0
74	0
74	0
74	0
74	0
74	0
74	0
74	0
74	0
74	0
74	0
74	0
74	0
74	0
74	0
74	0
74	0
74	0
74	0
74	0
74	0
74	0
74	0
74	0
74	0
74	0
74	0
74	0
74	0
74	0
74	0
74	0
74	0
74	0
74	0
74	0
74	0
74	0
74	0
74	0
74	0
74	0
74	0
74	0
74	0
74	0
74	0
74	0
74	0
74	0
74	0
74	0
74	0
74	0
74	0
74	0
74	0
74	0
74	0
74	0
74	0
74	0
74	0
74	0
74	0
74	0
74	0
74	0
74	0
74	0
74	0
74	0
74	0
74	0
74	0
74	0
74	0
74	0
74	0
74	0
74	0
74	0
74	0
74	0
74	1
74	1
74	1
74	1
74	1
74	1
74	1
74	1
74	1
74	1
74	1
74	1
74	1
74	1
74	1
74	1
74	1
74	1
74	1
74	1
74	1
74	1
74	1
74	1
74	1
74	1
74	1
74	1
74	1
74	1
74	1
74	1
74	1
74	1
74	1
74	1
74	1
74	1
74	1
74	1
74	1
74	1
74	1
74	1
74	1
74	1
74	1
74	1
74	1
74	1
74	1
74	1
74	1
74	1
74	1
74	1
74	1
74	1
74	1
74	1
74	1
74	1
74	1
74	1
74	1
74	1
74	1
74	1
74	1
74	1
74	1
74	1
74	1
74	1
74	1
74	1
74	1
74	1
74	1
74	1
74	1
74	1
74	1
74	1
74	1
74	1
74	1
74	1
74	1
74	1
74	1
74	1
74	1
74	1
74	1
74	1
74	1
74	1
74	1
74	1
74	1
74	1
74	1
74	1
74	1
74	1
74	1
74	1
74	1
74	1
74	1
74	1
74	1
74	1
74	1
74	1
74	1
74	1
74	1
74	1
74	1
74	1
74	1
74	1
74	1
74	1
74	1
74	1
74	1
74	1
74	1
74	1
74	1
74	1
74	1
74	1
74	1
74	1
74	1
74	1
74	1
74	1
74	1
74	1
74	1
74	1
74	1
74	1
74	1
74	1
74	2
74	2
74	2
74	2
74	2
74	2
74	2
74	2
74	2
74	2
74	2
74	2
74	2
74	2
74	2
74	2
74	2
74	2
74	2
74	2
74	2
74	2
74	2
74	2
74	2
74	2
74	2
74	2
74	2
74	2
74	2
74	2
74	2
74	2
74	2
74	2
74	2
74	2
74	2
74	2
74	2
74	2
74	2
74	2
74	2
74	2
74	2
74	2
74	2
74	2
74	2
74	2
74	2
74	2
74	2
74	2
74	2
74	2
74	2
74	2
74	2
74	2
74	2
74	2
74	2
74	2
74	2
74	2
74	2
74	2
74	2
74	2
74	2
74	2
74	2
74	2
74	2
74	2
74	2
74	2
74	2
74	2
74	2
74	2
74	2
74	2
74	2
74	2
74	2
74	2
74	2
74	2
74	2
74	2
74	2
74	2
74	2
74	2
74	2
74	2
75	0
75	0
75	0
75	0
75	0
75	0
75	0
75	0
75	0
75	0
75	0
75	0
75	0
75	0
75	0
75	0
75	0
75	0
75	0
75	0
75	0
75	0
75	0
75	0
75	0
75	0
75	0
75	0
75	0
75	0
75	0
75	0
75	0
75	0
75	0
75	0
75	0
75	0
75	0
75	0
75	0
75	0
75	0
75	0
75	0
75	0
75	0
75	0
75	0
75	0
75	0
75	0
75	0
75	0
75	0
75	0
75	0
75	0
75	0
75	0
75	0
75	0
75	0
75	0
75	0
75	0
75	0
75	0
75	0
75	0
75	0
75	0
75	0
75	0
75	0
75	0
75	0
75	0
75	0
75	0
75	0
75	1
75	1
75	1
75	1
75	1
75	1
75	1
75	1
75	1
75	1
75	1
75	1
75	1
75	1
75	1
75	1
75	1
75	1
75	1
75	1
75	1
75	1
75	1
75	1
75	1
75	1
75	1
75	1
75	1
75	1
75	1
75	1
75	1
75	1
75	1
75	1
75	1
75	1
75	1
75	1
75	1
75	1
75	1
75	1
75	1
75	1
75	1
75	1
75	1
75	1
75	1
75	1
75	1
75	1
75	1
75	1
75	1
75	1
75	1
75	1
75	1
75	1
75	1
75	1
75	1
75	1
75	1
75	1
75	1
75	1
75	1
75	1
75	1
75	1
75	1
75	1
75	1
75	1
75	1
75	1
75	1
75	1
75	1
75	1
75	1
75	1
75	1
75	1
75	1
75	1
75	1
75	1
75	1
75	1
75	1
75	1
75	1
75	1
75	1
75	1
75	1
75	1
75	1
75	1
75	1
75	1
75	1
75	1
75	2
75	2
75	2
75	2
75	2
75	2
75	2
75	2
75	2
75	2
75	2
75	2
75	2
75	2
75	2
75	2
75	2
75	2
75	2
75	2
75	2
75	2
75	2
75	2
75	2
75	2
75	2
75	2
75	2
75	2
75	2
75	2
75	2
75	2
75	2
75	2
75	2
75	2
75	2
75	2
75	2
75	2
75	2
75	2
75	2
75	2
75	2
75	2
75	2
75	2
75	2
75	2
75	2
75	2
75	2
75	2
75	2
75	2
75	2
75	2
75	2
75	2
75	2
75	2
75	2
75	2
75	2
75	2
75	2
75	2
75	2
75	2
75	2
75	2
75	2
75	2
75	2
75	2
75	2
75	2
75	2
75	2
75	2
76	0
76	0
76	0
76	0
76	0
76	0
76	0
76	0
76	0
76	0
76	0
76	0
76	0
76	0
76	0
76	0
76	0
76	0
76	0
76	0
76	0
76	0
76	0
76	0
76	0
76	0
76	0
76	0
76	0
76	0
76	0
76	0
76	0
76	0
76	0
76	0
76	0
76	0
76	0
76	0
76	0
76	0
76	0
76	0
76	0
76	0
76	0
76	0
76	0
76	0
76	0
76	0
76	0
76	0
76	0
76	0
76	0
76	0
76	0
76	0
76	0
76	0
76	0
76	0
76	0
76	0
76	0
76	0
76	0
76	0
76	0
76	0
76	0
76	0
76	0
76	0
76	0
76	0
76	0
76	0
76	0
76	0
76	0
76	0
76	0
76	0
76	0
76	0
76	0
76	0
76	0
76	0
76	0
76	0
76	0
76	0
76	0
76	0
76	0
76	0
76	0
76	0
76	0
76	0
76	0
76	0
76	0
76	0
76	0
76	0
76	0
76	0
76	0
76	0
76	0
76	0
76	0
76	0
76	0
76	0
76	0
76	0
76	0
76	0
76	0
76	0
76	0
76	0
76	0
76	0
76	0
76	0
76	0
76	0
76	0
76	1
76	1
76	1
76	1
76	1
76	1
76	1
76	1
76	1
76	1
76	1
76	1
76	1
76	1
76	1
76	1
76	1
76	1
76	1
76	1
76	1
76	1
76	1
76	1
76	1
76	1
76	1
76	1
76	1
76	1
76	1
76	1
76	1
76	1
76	1
76	1
76	1
76	1
76	1
76	1
76	1
76	1
76	1
76	1
76	1
76	1
76	1
76	1
76	1
76	1
76	1
76	1
76	1
76	1
76	1
76	1
76	1
76	1
76	1
76	1
76	1
76	1
76	1
76	1
76	1
76	1
76	1
76	1
76	1
76	1
76	1
76	1
76	1
76	1
76	1
76	1
76	1
76	1
76	1
76	1
76	1
76	1
76	1
76	1
76	1
76	1
76	1
76	1
76	1
76	1
76	1
76	1
76	1
76	1
76	1
76	1
76	1
76	1
76	1
76	1
76	1
76	1
76	1
76	1
76	1
76	1
76	1
76	1
76	1
76	1
76	1
76	1
76	1
76	1
76	1
76	1
76	1
76	1
76	1
76	1
76	1
76	1
76	1
76	1
76	1
76	1
76	1
76	1
76	1
76	1
76	1
76	1
76	1
76	1
76	1
76	1
76	1
76	1
76	1
76	1
76	1
76	1
76	1
76	1
76	1
76	1
76	1
76	1
76	1
76	1
76	1
76	1
76	1
76	1
76	1
76	1
76	1
76	1
76	1
76	1
76	1
76	1
76	1
76	1
76	1
76	1
76	1
76	1
76	1
76	1
76	1
76	1
76	1
76	1
76	1
76	1
76	1
76	1
76	1
76	1
76	1
76	1
76	1
76	1
76	1
76	1
76	1
76	1
76	1
76	1
76	1
76	1
76	1
76	1
76	1
76	2
76	2
76	2
76	2
76	2
76	2
76	2
76	2
76	2
76	2
76	2
76	2
76	2
76	2
76	2
76	2
76	2
76	2
76	2
76	2
76	2
76	2
76	2
76	2
76	2
76	2
76	2
76	2
76	2
76	2
76	2
76	2
76	2
76	2
76	2
76	2
76	2
76	2
76	2
76	2
76	2
76	2
76	2
76	2
76	2
76	2
76	2
76	2
76	2
76	2
76	2
76	2
76	2
76	2
76	2
76	2
76	2
76	2
76	2
76	2
76	2
76	2
76	2
76	2
76	2
76	2
76	2
76	2
76	2
76	2
76	2
76	2
76	2
76	2
77	0
77	0
77	0
77	0
77	0
77	0
77	0
77	0
77	0
77	0
77	0
77	0
77	0
77	0
77	0
77	0
77	0
77	0
77	0
77	0
77	0
77	0
77	0
77	0
77	0
77	0
77	0
77	0
77	0
77	0
77	0
77	0
77	0
77	0
77	0
77	0
77	0
77	0
77	0
77	0
77	0
77	0
77	0
77	0
77	0
77	0
77	0
77	0
77	0
77	0
77	0
77	0
77	0
77	0
77	0
77	0
77	0
77	0
77	0
77	0
77	0
77	0
77	0
77	0
77	0
77	0
77	0
77	0
77	0
77	0
77	0
77	0
77	0
77	0
77	0
77	0
77	0
77	0
77	0
77	0
77	0
77	0
77	0
77	0
77	0
77	0
77	0
77	0
77	0
77	0
77	0
77	0
77	0
77	0
77	0
77	0
77	0
77	0
77	0
77	0
77	0
77	0
77	0
77	0
77	0
77	0
77	0
77	0
77	0
77	0
77	0
77	0
77	0
77	0
77	0
77	0
77	0
77	0
77	0
77	0
77	0
77	0
77	0
77	0
77	0
77	0
77	0
77	0
77	0
77	0
77	0
77	0
77	0
77	0
77	1
77	1
77	1
77	1
77	1
77	1
77	1
77	1
77	1
77	1
77	1
77	1
77	1
77	1
77	1
77	1
77	1
77	1
77	1
77	1
77	1
77	1
77	1
77	1
77	1
77	1
77	1
77	1
77	1
77	1
77	1
77	1
77	1
77	1
77	1
77	1
77	1
77	1
77	1
77	1
77	1
77	1
77	1
77	1
77	1
77	1
77	1
77	1
77	1
77	1
77	1
77	1
77	1
77	1
77	1
77	1
77	1
77	1
77	1
77	1
77	1
77	1
77	1
77	1
77	1
77	1
77	1
77	1
77	1
77	1
77	1
77	1
77	1
77	1
77	1
77	1
77	1
77	1
77	1
77	1
77	1
77	1
77	1
77	1
77	1
77	1
77	1
77	1
77	1
77	1
77	1
77	1
77	1
77	1
77	1
77	1
77	1
77	1
77	1
77	1
77	1
77	1
77	1
77	1
77	1
77	1
77	1
77	1
77	1
77	1
77	1
77	1
77	1
77	1
77	1
77	1
77	1
77	1
77	1
77	1
77	1
77	1
77	1
77	1
77	1
77	1
77	1
77	1
77	1
77	1
77	1
77	1
77	1
77	1
77	1
77	1
77	1
77	1
77	1
77	1
77	1
77	1
77	1
77	1
77	1
77	1
77	1
77	1
77	1
77	1
77	1
77	1
77	1
77	1
77	2
77	2
77	2
77	2
77	2
77	2
77	2
77	2
77	2
77	2
77	2
77	2
77	2
77	2
77	2
77	2
77	2
77	2
77	2
77	2
77	2
77	2
77	2
77	2
77	2
77	2
77	2
77	2
77	2
77	2
77	2
77	2
77	2
77	2
77	2
77	2
77	2
77	2
77	2
77	2
77	2
77	2
77	2
77	2
77	2
77	2
77	2
77	2
77	2
77	2
77	2
77	2
77	2
77	2
77	2
77	2
77	2
77	2
77	2
77	2
77	2
77	2
78	0
78	0
78	0
78	0
78	0
78	0
78	0
78	0
78	0
78	0
78	0
78	0
78	0
78	0
78	0
78	0
78	0
78	0
78	0
78	0
78	0
78	0
78	0
78	0
78	0
78	0
78	0
78	0
78	0
78	0
78	0
78	0
78	0
78	0
78	0
78	0
78	0
78	0
78	0
78	0
78	0
78	0
78	0
78	0
78	0
78	0
78	0
78	0
78	0
78	0
78	0
78	0
78	0
78	0
78	0
78	0
78	0
78	0
78	0
78	0
78	0
78	0
78	0
78	0
78	0
78	0
78	0
78	0
78	0
78	0
78	0
78	0
78	0
78	0
78	0
78	0
78	0
78	0
78	0
78	0
78	0
78	0
78	0
78	0
78	0
78	1
78	1
78	1
78	1
78	1
78	1
78	1
78	1
78	1
78	1
78	1
78	1
78	1
78	1
78	1
78	1
78	1
78	1
78	1
78	1
78	1
78	1
78	1
78	1
78	1
78	1
78	1
78	1
78	1
78	1
78	1
78	1
78	1
78	1
78	1
78	1
78	1
78	1
78	1
78	1
78	1
78	1
78	1
78	1
78	1
78	1
78	1
78	1
78	1
78	1
78	1
78	1
78	1
78	1
78	1
78	1
78	1
78	1
78	1
78	1
78	1
78	1
78	1
78	1
78	1
78	1
78	1
78	1
78	1
78	1
78	1
78	1
78	1
78	1
78	1
78	1
78	1
78	1
78	1
78	1
78	1
78	1
78	1
78	1
78	1
78	1
78	1
78	1
78	1
78	1
78	1
78	1
78	1
78	1
78	1
78	1
78	1
78	1
78	1
78	1
78	1
78	1
78	1
78	1
78	1
78	1
78	1
78	1
78	1
78	1
78	1
78	1
78	1
78	1
78	1
78	1
78	1
78	1
78	1
78	1
78	1
78	1
78	1
78	1
78	1
78	1
78	1
78	1
78	1
78	1
78	1
78	1
78	1
78	1
78	1
78	1
78	1
78	1
78	1
78	1
78	1
78	1
78	1
78	1
78	1
78	1
78	1
78	1
78	1
78	1
78	1
78	1
78	1
78	1
78	1
78	1
78	1
78	1
78	1
78	1
78	1
78	1
78	1
78	1
78	1
78	2
78	2
78	2
78	2
78	2
78	2
78	2
78	2
78	2
78	2
78	2
78	2
78	2
78	2
78	2
78	2
78	2
78	2
78	2
78	2
78	2
78	2
78	2
78	2
78	2
78	2
78	2
78	2
78	2
78	2
78	2
78	2
78	2
78	2
78	2
78	2
78	2
78	2
78	2
78	2
78	2
78	2
78	2
78	2
78	2
78	2
78	2
78	2
78	2
78	2
78	2
78	2
78	2
78	2
78	2
78	2
78	2
78	2
78	2
78	2
78	2
78	2
78	2
79	0
79	0
79	0
79	0
79	0
79	0
79	0
79	0
79	0
79	0
79	0
79	0
79	0
79	0
79	0
79	0
79	0
79	0
79	0
79	0
79	0
79	0
79	0
79	0
79	0
79	0
79	0
79	0
79	0
79	0
79	0
79	0
79	0
79	0
79	0
79	0
79	0
79	0
79	0
79	0
79	0
79	0
79	0
79	0
79	0
79	0
79	0
79	0
79	0
79	0
79	0
79	0
79	0
79	0
79	0
79	0
79	0
79	0
79	0
79	0
79	0
79	0
79	0
79	0
79	0
79	0
79	0
79	0
79	0
79	0
79	0
79	0
79	0
79	0
79	0
79	0
79	0
79	0
79	0
79	0
79	0
79	0
79	0
79	0
79	0
79	0
79	0
79	0
79	0
79	0
79	0
79	0
79	0
79	0
79	0
79	0
79	0
79	0
79	0
79	0
79	0
79	0
79	0
79	0
79	0
79	0
79	0
79	0
79	0
79	0
79	0
79	0
79	0
79	0
79	0
79	0
79	0
79	0
79	0
79	0
79	0
79	0
79	0
79	0
79	0
79	0
79	0
79	0
79	0
79	0
79	0
79	0
79	1
79	1
79	1
79	1
79	1
79	1
79	1
79	1
79	1
79	1
79	1
79	1
79	1
79	1
79	1
79	1
79	1
79	1
79	1
79	1
79	1
79	1
79	1
79	1
79	1
79	1
79	1
79	1
79	1
79	1
79	1
79	1
79	1
79	1
79	1
79	1
79	1
79	1
79	1
79	1
79	1
79	1
79	1
79	1
79	1
79	1
79	1
79	1
79	1
79	1
79	1
79	1
79	1
79	1
79	1
79	1
79	1
79	1
79	1
79	1
79	1
79	1
79	1
79	1
79	1
79	1
79	1
79	1
79	1
79	1
79	1
79	1
79	1
79	1
79	1
79	1
79	1
79	1
79	1
79	1
79	1
79	1
79	1
79	1
79	1
79	1
79	1
79	1
79	1
79	1
79	1
79	1
79	1
79	1
79	1
79	1
79	1
79	1
79	1
79	1
79	1
79	1
79	1
79	1
79	1
79	1
79	1
79	1
79	1
79	1
79	1
79	1
79	1
79	1
79	1
79	1
79	1
79	1
79	1
79	1
79	1
79	1
79	1
79	1
79	1
79	1
79	1
79	1
79	1
79	1
79	1
79	1
79	1
79	1
79	1
79	1
79	1
79	1
79	1
79	1
79	1
79	1
79	1
79	1
79	1
79	1
79	1
79	1
79	1
79	1
79	1
79	1
79	1
79	1
79	1
79	1
79	1
79	1
79	1
79	1
79	1
79	1
79	1
79	1
79	1
79	1
79	1
79	1
79	1
79	1
79	1
79	1
79	1
79	1
79	1
79	1
79	1
79	1
79	1
79	1
79	1
79	1
79	1
79	1
79	1
79	1
79	1
79	1
79	1
79	1
79	1
79	1
79	1
79	1
79	1
79	1
79	1
79	1
79	1
79	1
79	1
79	1
79	1
79	1
79	1
79	1
79	1
79	1
79	1
79	1
79	1
79	1
79	1
79	1
79	1
79	1
79	1
79	1
79	1
79	1
79	2
79	2
79	2
79	2
79	2
79	2
79	2
79	2
79	2
79	2
79	2
79	2
79	2
79	2
79	2
79	2
79	2
79	2
79	2
79	2
79	2
79	2
79	2
79	2
79	2
79	2
79	2
79	2
79	2
79	2
79	2
79	2
79	2
79	2
79	2
79	2
79	2
79	2
79	2
79	2
79	2
79	2
79	2
79	2
79	2
79	2
79	2
79	2
79	2
79	2
79	2
79	2
79	2
80	0
80	0
80	0
80	0
80	0
80	0
80	0
80	0
80	0
80	0
80	0
80	0
80	0
80	0
80	0
80	0
80	0
80	0
80	0
80	0
80	0
80	0
80	0
80	0
80	0
80	0
80	0
80	0
80	0
80	0
80	0
80	0
80	0
80	0
80	0
80	0
80	0
80	0
80	0
80	0
80	0
80	0
80	0
80	0
80	0
80	0
80	0
80	0
80	0
80	0
80	0
80	0
80	0
80	0
80	0
80	0
80	0
80	0
80	0
80	0
80	0
80	0
80	0
80	0
80	0
80	0
80	0
80	0
80	0
80	0
80	0
80	0
80	0
80	0
80	0
80	0
80	0
80	0
80	0
80	0
80	0
80	0
80	0
80	0
80	0
80	0
80	1
80	1
80	1
80	1
80	1
80	1
80	1
80	1
80	1
80	1
80	1
80	1
80	1
80	1
80	1
80	1
80	1
80	1
80	1
80	1
80	1
80	1
80	1
80	1
80	1
80	1
80	1
80	1
80	1
80	1
80	1
80	1
80	1
80	1
80	1
80	1
80	1
80	1
80	1
80	1
80	1
80	1
80	1
80	1
80	1
80	1
80	1
80	1
80	1
80	1
80	1
80	1
80	1
80	1
80	1
80	1
80	1
80	1
80	1
80	1
80	1
80	1
80	1
80	1
80	1
80	1
80	1
80	1
80	1
80	1
80	1
80	1
80	1
80	1
80	1
80	1
80	1
80	1
80	1
80	1
80	1
80	1
80	1
80	1
80	1
80	1
80	1
80	1
80	1
80	1
80	1
80	1
80	1
80	1
80	1
80	1
80	1
80	1
80	1
80	1
80	1
80	1
80	1
80	1
80	1
80	1
80	1
80	1
80	1
80	1
80	1
80	1
80	1
80	1
80	1
80	1
80	1
80	1
80	1
80	1
80	1
80	1
80	1
80	1
80	1
80	1
80	1
80	1
80	1
80	1
80	1
80	1
80	1
80	1
80	1
80	1
80	1
80	1
80	1
80	1
80	1
80	1
80	1
80	1
80	1
80	1
80	1
80	1
80	1
80	1
80	1
80	1
80	1
80	1
80	1
80	1
80	1
80	1
80	1
80	1
80	1
80	1
80	2
80	2
80	2
80	2
80	2
80	2
80	2
80	2
80	2
80	2
80	2
80	2
80	2
80	2
80	2
80	2
80	2
80	2
80	2
80	2
80	2
80	2
80	2
80	2
80	2
80	2
80	2
80	2
80	2
80	2
80	2
80	2
80	2
80	2
80	2
80	2
80	2
80	2
80	2
80	2
80	2
80	2
80	2
80	2
80	2
80	2
80	2
80	2
80	2
80	2
80	2
80	2
80	2
80	2
80	2
80	2
80	2
80	2
80	2
80	2
80	2
80	2
80	2
80	2
80	2
80	2
80	2
80	2
80	2
80	2
80	2
80	2
80	2
80	2
80	2
80	2
80	2
81	0
81	0
81	0
81	0
81	0
81	0
81	0
81	0
81	0
81	0
81	0
81	0
81	0
81	0
81	0
81	0
81	0
81	0
81	0
81	0
81	0
81	0
81	0
81	0
81	0
81	0
81	0
81	0
81	0
81	0
81	0
81	0
81	0
81	0
81	0
81	0
81	0
81	0
81	0
81	0
81	0
81	0
81	0
81	0
81	0
81	0
81	0
81	0
81	0
81	0
81	0
81	0
81	0
81	0
81	0
81	0
81	0
81	0
81	0
81	0
81	0
81	0
81	0
81	0
81	0
81	0
81	0
81	0
81	0
81	0
81	0
81	0
81	0
81	0
81	0
81	0
81	0
81	0
81	0
81	0
81	0
81	0
81	0
81	0
81	0
81	0
81	0
81	0
81	0
81	0
81	0
81	0
81	0
81	0
81	0
81	0
81	0
81	0
81	0
81	0
81	0
81	0
81	0
81	0
81	0
81	0
81	0
81	0
81	0
81	0
81	0
81	0
81	0
81	0
81	0
81	0
81	0
81	0
81	0
81	0
81	0
81	0
81	0
81	0
81	1
81	1
81	1
81	1
81	1
81	1
81	1
81	1
81	1
81	1
81	1
81	1
81	1
81	1
81	1
81	1
81	1
81	1
81	1
81	1
81	1
81	1
81	1
81	1
81	1
81	1
81	1
81	1
81	1
81	1
81	1
81	1
81	1
81	1
81	1
81	1
81	1
81	1
81	1
81	1
81	1
81	1
81	1
81	1
81	1
81	1
81	1
81	1
81	1
81	1
81	1
81	1
81	1
81	1
81	1
81	1
81	1
81	1
81	1
81	1
81	1
81	1
81	1
81	1
81	1
81	1
81	1
81	1
81	1
81	1
81	1
81	1
81	1
81	1
81	1
81	1
81	1
81	1
81	1
81	1
81	1
81	1
81	1
81	1
81	1
81	1
81	1
81	1
81	1
81	1
81	1
81	1
81	1
81	1
81	1
81	1
81	1
81	1
81	1
81	1
81	1
81	1
81	1
81	1
81	1
81	1
81	1
81	1
81	1
81	1
81	1
81	1
81	1
81	1
81	1
81	1
81	1
81	1
81	1
81	1
81	1
81	1
81	1
81	1
81	1
81	1
81	1
81	1
81	1
81	1
81	1
81	1
81	1
81	1
81	1
81	1
81	1
81	1
81	1
81	1
81	1
81	1
81	1
81	1
81	1
81	1
81	1
81	1
81	1
81	1
81	1
81	1
81	1
81	1
81	1
81	1
81	1
81	1
81	1
81	1
81	1
81	1
81	1
81	1
81	1
81	1
81	1
81	1
81	1
81	1
81	1
81	1
81	1
81	1
81	1
81	1
81	1
81	1
81	2
81	2
81	2
81	2
81	2
81	2
81	2
81	2
81	2
81	2
81	2
81	2
81	2
81	2
81	2
81	2
81	2
81	2
81	2
81	2
81	2
81	2
81	2
81	2
81	2
81	2
81	2
81	2
81	2
81	2
81	2
81	2
81	2
81	2
81	2
81	2
81	2
81	2
81	2
81	2
81	2
81	2
81	2
81	2
81	2
81	2
81	2
81	2
81	2
81	2
81	2
81	2
81	2
81	2
81	2
81	2
81	2
81	2
81	2
81	2
81	2
81	2
81	2
81	2
81	2
81	2
81	2
81	2
81	2
81	2
81	2
81	2
81	2
81	2
81	2
81	2
82	0
82	0
82	0
82	0
82	0
82	0
82	0
82	0
82	0
82	0
82	0
82	0
82	0
82	0
82	0
82	0
82	0
82	0
82	0
82	0
82	0
82	0
82	0
82	0
82	0
82	0
82	0
82	0
82	0
82	0
82	0
82	0
82	0
82	0
82	0
82	0
82	0
82	0
82	0
82	0
82	0
82	0
82	0
82	0
82	0
82	0
82	0
82	0
82	0
82	0
82	0
82	0
82	0
82	0
82	0
82	0
82	0
82	0
82	0
82	0
82	0
82	0
82	0
82	0
82	0
82	0
82	0
82	0
82	0
82	0
82	0
82	0
82	0
82	0
82	0
82	0
82	0
82	0
82	0
82	0
82	0
82	0
82	0
82	0
82	0
82	0
82	0
82	0
82	0
82	0
82	0
82	0
82	0
82	0
82	0
82	0
82	0
82	0
82	0
82	0
82	0
82	0
82	0
82	0
82	0
82	0
82	0
82	0
82	1
82	1
82	1
82	1
82	1
82	1
82	1
82	1
82	1
82	1
82	1
82	1
82	1
82	1
82	1
82	1
82	1
82	1
82	1
82	1
82	1
82	1
82	1
82	1
82	1
82	1
82	1
82	1
82	1
82	1
82	1
82	1
82	1
82	1
82	1
82	1
82	1
82	1
82	1
82	1
82	1
82	1
82	1
82	1
82	1
82	1
82	1
82	1
82	1
82	1
82	1
82	1
82	1
82	1
82	1
82	1
82	1
82	1
82	1
82	1
82	1
82	1
82	1
82	1
82	1
82	1
82	1
82	1
82	1
82	1
82	1
82	1
82	1
82	1
82	1
82	1
82	1
82	1
82	1
82	1
82	1
82	1
82	1
82	1
82	1
82	1
82	1
82	1
82	1
82	1
82	1
82	1
82	1
82	1
82	1
82	1
82	1
82	1
82	1
82	1
82	1
82	1
82	1
82	1
82	1
82	1
82	1
82	1
82	1
82	1
82	1
82	1
82	1
82	1
82	1
82	1
82	1
82	1
82	1
82	1
82	1
82	1
82	1
82	1
82	1
82	1
82	1
82	1
82	1
82	1
82	1
82	1
82	1
82	1
82	1
82	1
82	1
82	1
82	1
82	1
82	1
82	1
82	1
82	1
82	1
82	1
82	1
82	1
82	1
82	1
82	1
82	1
82	1
82	1
82	1
82	1
82	1
82	1
82	1
82	1
82	1
82	1
82	1
82	1
82	1
82	1
82	1
82	1
82	1
82	1
82	1
82	1
82	1
82	1
82	1
82	1
82	1
82	1
82	1
82	1
82	1
82	1
82	1
82	1
82	1
82	1
82	1
82	1
82	1
82	1
82	1
82	1
82	1
82	1
82	1
82	1
82	1
82	1
82	1
82	1
82	1
82	1
82	1
82	1
82	1
82	1
82	1
82	1
82	1
82	1
82	1
82	1
82	1
82	1
82	1
82	1
82	1
82	1
82	1
82	1
82	1
82	1
82	1
82	1
82	1
82	1
82	1
82	1
82	2
82	2
82	2
82	2
82	2
82	2
82	2
82	2
82	2
82	2
82	2
82	2
82	2
82	2
82	2
82	2
82	2
82	2
82	2
82	2
82	2
82	2
82	2
82	2
82	2
82	2
82	2
82	2
82	2
82	2
82	2
82	2
82	2
82	2
82	2
82	2
82	2
82	2
82	2
82	2
82	2
82	2
82	2
82	2
82	2
82	2
82	2
82	2
82	2
82	2
82	2
82	2
82	2
82	2
82	2
82	2
83	0
83	0
83	0
83	0
83	0
83	0
83	0
83	0
83	0
83	0
83	0
83	0
83	0
83	0
83	0
83	0
83	0
83	0
83	0
83	0
83	0
83	0
83	0
83	0
83	0
83	0
83	0
83	0
83	0
83	0
83	0
83	0
83	0
83	0
83	0
83	0
83	0
83	0
83	0
83	0
83	0
83	0
83	0
83	0
83	0
83	0
83	0
83	0
83	0
83	0
83	0
83	0
83	0
83	0
83	0
83	0
83	0
83	0
83	1
83	1
83	1
83	1
83	1
83	1
83	1
83	1
83	1
83	1
83	1
83	1
83	1
83	1
83	1
83	1
83	1
83	1
83	1
83	1
83	1
83	1
83	1
83	1
83	1
83	1
83	1
83	1
83	1
83	1
83	1
83	1
83	1
83	1
83	1
83	1
83	1
83	1
83	1
83	1
83	1
83	1
83	1
83	1
83	1
83	1
83	1
83	1
83	1
83	1
83	1
83	1
83	1
83	1
83	1
83	1
83	1
83	1
83	1
83	1
83	1
83	1
83	1
83	1
83	1
83	1
83	1
83	1
83	1
83	1
83	1
83	1
83	1
83	1
83	1
83	1
83	1
83	1
83	1
83	1
83	1
83	1
83	1
83	1
83	1
83	1
83	1
83	1
83	1
83	1
83	1
83	1
83	1
83	1
83	1
83	1
83	1
83	1
83	1
83	1
83	1
83	1
83	1
83	1
83	1
83	1
83	1
83	1
83	1
83	1
83	1
83	1
83	1
83	1
83	1
83	1
83	1
83	1
83	1
83	1
83	1
83	1
83	1
83	1
83	1
83	1
83	1
83	1
83	1
83	1
83	1
83	1
83	1
83	1
83	1
83	1
83	1
83	1
83	1
83	1
83	1
83	1
83	1
83	1
83	1
83	1
83	1
83	1
83	1
83	1
83	1
83	1
83	1
83	1
83	1
83	1
83	1
83	1
83	1
83	1
83	1
83	1
83	1
83	1
83	1
83	1
83	1
83	1
83	1
83	1
83	1
83	2
83	2
83	2
83	2
83	2
83	2
83	2
83	2
83	2
83	2
83	2
83	2
83	2
83	2
83	2
83	2
83	2
83	2
83	2
83	2
83	2
83	2
83	2
83	2
83	2
83	2
83	2
83	2
83	2
83	2
83	2
83	2
83	2
83	2
83	2
83	2
84	0
84	0
84	0
84	0
84	0
84	0
84	0
84	0
84	0
84	0
84	0
84	0
84	0
84	0
84	0
84	0
84	0
84	0
84	0
84	0
84	0
84	0
84	0
84	0
84	0
84	0
84	0
84	0
84	0
84	0
84	0
84	0
84	0
84	0
84	0
84	0
84	0
84	0
84	0
84	0
84	0
84	0
84	0
84	0
84	0
84	0
84	0
84	0
84	0
84	0
84	0
84	0
84	0
84	0
84	0
84	0
84	0
84	0
84	0
84	0
84	0
84	0
84	0
84	0
84	0
84	0
84	0
84	0
84	0
84	0
84	0
84	0
84	0
84	0
84	0
84	0
84	0
84	0
84	0
84	0
84	0
84	0
84	0
84	0
84	0
84	0
84	0
84	0
84	0
84	0
84	0
84	0
84	0
84	0
84	0
84	0
84	0
84	0
84	0
84	0
84	0
84	0
84	0
84	0
84	0
84	0
84	0
84	0
84	1
84	1
84	1
84	1
84	1
84	1
84	1
84	1
84	1
84	1
84	1
84	1
84	1
84	1
84	1
84	1
84	1
84	1
84	1
84	1
84	1
84	1
84	1
84	1
84	1
84	1
84	1
84	1
84	1
84	1
84	1
84	1
84	1
84	1
84	1
84	1
84	1
84	1
84	1
84	1
84	1
84	1
84	1
84	1
84	1
84	1
84	1
84	1
84	1
84	1
84	1
84	1
84	1
84	1
84	1
84	1
84	1
84	1
84	1
84	1
84	1
84	1
84	1
84	1
84	1
84	1
84	1
84	1
84	1
84	1
84	1
84	1
84	1
84	1
84	1
84	1
84	1
84	1
84	1
84	1
84	1
84	1
84	1
84	1
84	1
84	1
84	1
84	1
84	1
84	1
84	1
84	1
84	1
84	1
84	1
84	1
84	1
84	1
84	1
84	1
84	1
84	1
84	1
84	1
84	1
84	1
84	1
84	1
84	1
84	1
84	1
84	1
84	1
84	1
84	1
84	1
84	1
84	1
84	1
84	1
84	1
84	1
84	1
84	1
84	1
84	1
84	1
84	1
84	1
84	1
84	1
84	1
84	1
84	1
84	1
84	1
84	1
84	1
84	1
84	1
84	1
84	1
84	1
84	1
84	1
84	1
84	1
84	1
84	1
84	1
84	1
84	1
84	1
84	1
84	1
84	1
84	1
84	1
84	1
84	1
84	1
84	1
84	1
84	1
84	1
84	1
84	1
84	1
84	1
84	1
84	1
84	1
84	1
84	1
84	1
84	1
84	1
84	1
84	1
84	1
84	1
84	1
84	1
84	1
84	1
84	1
84	1
84	1
84	1
84	1
84	1
84	1
84	1
84	1
84	1
84	1
84	1
84	1
84	1
84	1
84	1
84	1
84	1
84	1
84	1
84	1
84	1
84	1
84	1
84	1
84	1
84	1
84	1
84	1
84	1
84	1
84	1
84	1
84	2
84	2
84	2
84	2
84	2
84	2
84	2
84	2
84	2
84	2
84	2
84	2
84	2
84	2
84	2
84	2
84	2
84	2
84	2
84	2
84	2
84	2
84	2
84	2
84	2
84	2
84	2
84	2
84	2
84	2
84	2
84	2
84	2
84	2
84	2
84	2
84	2
84	2
84	2
84	2
84	2
84	2
84	2
84	2
84	2
84	2
84	2
84	2
84	2
84	2
84	2
84	2
85	0
85	0
85	0
85	0
85	0
85	0
85	0
85	0
85	0
85	0
85	0
85	0
85	0
85	0
85	0
85	0
85	0
85	0
85	0
85	0
85	0
85	0
85	0
85	0
85	0
85	0
85	0
85	0
85	0
85	0
85	0
85	0
85	0
85	0
85	0
85	0
85	0
85	0
85	0
85	0
85	0
85	0
85	0
85	0
85	0
85	0
85	0
85	0
85	0
85	0
85	0
85	0
85	0
85	0
85	0
85	0
85	0
85	0
85	0
85	0
85	0
85	0
85	0
85	0
85	0
85	0
85	0
85	0
85	0
85	0
85	0
85	0
85	0
85	0
85	0
85	0
85	0
85	0
85	0
85	0
85	0
85	0
85	0
85	0
85	0
85	0
85	0
85	0
85	0
85	0
85	0
85	0
85	0
85	0
85	0
85	0
85	0
85	0
85	0
85	0
85	0
85	0
85	0
85	0
85	0
85	0
85	0
85	0
85	0
85	0
85	0
85	0
85	0
85	0
85	0
85	0
85	0
85	0
85	0
85	0
85	0
85	0
85	0
85	0
85	0
85	0
85	0
85	0
85	0
85	0
85	0
85	0
85	1
85	1
85	1
85	1
85	1
85	1
85	1
85	1
85	1
85	1
85	1
85	1
85	1
85	1
85	1
85	1
85	1
85	1
85	1
85	1
85	1
85	1
85	1
85	1
85	1
85	1
85	1
85	1
85	1
85	1
85	1
85	1
85	1
85	1
85	1
85	1
85	1
85	1
85	1
85	1
85	1
85	1
85	1
85	1
85	1
85	1
85	1
85	1
85	1
85	1
85	1
85	1
85	1
85	1
85	1
85	1
85	1
85	1
85	1
85	1
85	1
85	1
85	1
85	1
85	1
85	1
85	1
85	1
85	1
85	1
85	1
85	1
85	1
85	1
85	1
85	1
85	1
85	1
85	1
85	1
85	1
85	1
85	1
85	1
85	1
85	1
85	1
85	1
85	1
85	1
85	1
85	1
85	1
85	1
85	1
85	1
85	1
85	1
85	1
85	1
85	1
85	1
85	1
85	1
85	1
85	1
85	1
85	1
85	1
85	1
85	1
85	1
85	1
85	1
85	1
85	1
85	1
85	1
85	1
85	1
85	1
85	1
85	1
85	1
85	1
85	1
85	1
85	1
85	1
85	1
85	1
85	1
85	1
85	1
85	1
85	2
85	2
85	2
85	2
85	2
85	2
85	2
85	2
85	2
85	2
85	2
85	2
85	2
85	2
85	2
85	2
85	2
85	2
85	2
85	2
85	2
85	2
85	2
85	2
85	2
85	2
85	2
85	2
85	2
85	2
85	2
85	2
85	2
85	2
85	2
85	2
85	2
85	2
85	2
85	2
85	2
85	2
85	2
85	2
85	2
85	2
85	2
85	2
85	2
85	2
85	2
85	2
85	2
85	2
85	2
85	2
85	2
85	2
85	2
85	2
85	2
85	2
85	2
85	2
85	2
85	2
85	2
85	2
85	2
85	2
85	2
85	2
85	2
85	2
85	2
85	2
85	2
85	2
85	2
85	2
85	2
85	2
85	2
85	2
85	2
85	2
85	2
85	2
85	2
85	2
85	2
85	2
85	2
85	2
85	2
85	2
86	0
86	0
86	0
86	0
86	0
86	0
86	0
86	0
86	0
86	0
86	0
86	0
86	0
86	0
86	0
86	0
86	0
86	0
86	0
86	0
86	0
86	0
86	0
86	0
86	0
86	0
86	0
86	0
86	0
86	0
86	0
86	0
86	0
86	0
86	0
86	0
86	0
86	0
86	0
86	0
86	0
86	0
86	0
86	0
86	0
86	0
86	0
86	0
86	0
86	0
86	0
86	0
86	0
86	0
86	0
86	0
86	0
86	0
86	0
86	0
86	0
86	0
86	1
86	1
86	1
86	1
86	1
86	1
86	1
86	1
86	1
86	1
86	1
86	1
86	1
86	1
86	1
86	1
86	1
86	1
86	1
86	1
86	1
86	1
86	1
86	1
86	1
86	1
86	1
86	1
86	1
86	1
86	1
86	1
86	1
86	1
86	1
86	1
86	1
86	1
86	1
86	1
86	1
86	1
86	1
86	1
86	1
86	1
86	1
86	1
86	1
86	1
86	1
86	1
86	1
86	1
86	1
86	1
86	1
86	1
86	1
86	1
86	1
86	1
86	1
86	1
86	1
86	1
86	1
86	1
86	1
86	1
86	1
86	1
86	1
86	1
86	1
86	1
86	1
86	1
86	1
86	1
86	1
86	1
86	1
86	1
86	1
86	1
86	1
86	1
86	1
86	1
86	1
86	1
86	1
86	1
86	1
86	1
86	1
86	1
86	1
86	1
86	1
86	1
86	1
86	1
86	1
86	1
86	1
86	1
86	1
86	1
86	1
86	1
86	1
86	1
86	1
86	1
86	1
86	1
86	1
86	1
86	1
86	1
86	1
86	1
86	1
86	1
86	1
86	1
86	1
86	1
86	1
86	1
86	1
86	1
86	1
86	2
86	2
86	2
86	2
86	2
86	2
86	2
86	2
86	2
86	2
86	2
86	2
86	2
86	2
86	2
86	2
86	2
86	2
86	2
86	2
86	2
86	2
86	2
86	2
86	2
86	2
86	2
86	2
86	2
86	2
86	2
86	2
87	0
87	0
87	0
87	0
87	0
87	0
87	0
87	0
87	0
87	0
87	0
87	0
87	0
87	0
87	0
87	0
87	0
87	0
87	0
87	0
87	0
87	0
87	0
87	0
87	0
87	0
87	0
87	0
87	0
87	0
87	0
87	0
87	0
87	0
87	0
87	0
87	0
87	0
87	0
87	0
87	0
87	0
87	0
87	0
87	0
87	0
87	0
87	0
87	0
87	0
87	0
87	0
87	0
87	0
87	0
87	0
87	0
87	0
87	0
87	0
87	0
87	0
87	0
87	0
87	0
87	1
87	1
87	1
87	1
87	1
87	1
87	1
87	1
87	1
87	1
87	1
87	1
87	1
87	1
87	1
87	1
87	1
87	1
87	1
87	1
87	1
87	1
87	1
87	1
87	1
87	1
87	1
87	1
87	1
87	1
87	1
87	1
87	1
87	1
87	1
87	1
87	1
87	1
87	1
87	1
87	1
87	1
87	1
87	1
87	1
87	1
87	1
87	1
87	1
87	1
87	1
87	1
87	1
87	1
87	1
87	1
87	1
87	1
87	1
87	1
87	1
87	1
87	1
87	1
87	1
87	1
87	1
87	1
87	1
87	1
87	1
87	1
87	1
87	1
87	1
87	1
87	1
87	1
87	1
87	1
87	1
87	1
87	1
87	1
87	1
87	1
87	1
87	1
87	1
87	1
87	1
87	1
87	1
87	1
87	1
87	1
87	1
87	1
87	1
87	1
87	1
87	1
87	1
87	1
87	1
87	1
87	1
87	1
87	1
87	1
87	1
87	1
87	1
87	1
87	1
87	1
87	1
87	1
87	1
87	1
87	1
87	1
87	1
87	1
87	1
87	1
87	1
87	1
87	2
87	2
87	2
87	2
87	2
87	2
87	2
87	2
87	2
87	2
87	2
87	2
87	2
87	2
87	2
87	2
87	2
87	2
87	2
87	2
87	2
87	2
87	2
87	2
87	2
87	2
87	2
87	2
87	2
87	2
87	2
87	2
87	2
87	2
87	2
87	2
87	2
87	2
87	2
87	2
87	2
87	2
87	2
87	2
87	2
87	2
87	2
87	2
87	2
87	2
87	2
87	2
88	0
88	0
88	0
88	0
88	0
88	0
88	0
88	0
88	0
88	0
88	0
88	0
88	0
88	0
88	0
88	0
88	0
88	0
88	0
88	0
88	0
88	0
88	0
88	0
88	0
88	0
88	0
88	0
88	0
88	0
88	0
88	0
88	0
88	0
88	0
88	0
88	0
88	0
88	0
88	0
88	0
88	0
88	0
88	0
88	0
88	0
88	0
88	0
88	0
88	0
88	0
88	0
88	0
88	0
88	0
88	0
88	0
88	0
88	0
88	0
88	0
88	0
88	0
88	0
88	0
88	0
88	0
88	0
88	0
88	0
88	0
88	0
88	0
88	0
88	0
88	0
88	0
88	0
88	0
88	0
88	0
88	0
88	0
88	0
88	0
88	0
88	0
88	0
88	0
88	0
88	0
88	0
88	0
88	0
88	0
88	0
88	0
88	0
88	0
88	0
88	0
88	0
88	0
88	0
88	1
88	1
88	1
88	1
88	1
88	1
88	1
88	1
88	1
88	1
88	1
88	1
88	1
88	1
88	1
88	1
88	1
88	1
88	1
88	1
88	1
88	1
88	1
88	1
88	1
88	1
88	1
88	1
88	1
88	1
88	1
88	1
88	1
88	1
88	1
88	1
88	1
88	1
88	1
88	1
88	1
88	1
88	1
88	1
88	1
88	1
88	1
88	1
88	1
88	1
88	1
88	1
88	1
88	1
88	1
88	1
88	1
88	1
88	1
88	1
88	1
88	1
88	1
88	1
88	1
88	1
88	1
88	1
88	1
88	1
88	1
88	1
88	1
88	1
88	1
88	1
88	1
88	1
88	1
88	1
88	1
88	1
88	1
88	1
88	1
88	1
88	1
88	1
88	1
88	1
88	1
88	1
88	1
88	1
88	1
88	1
88	1
88	1
88	1
88	1
88	1
88	1
88	1
88	1
88	1
88	1
88	1
88	1
88	1
88	1
88	1
88	1
88	1
88	1
88	1
88	1
88	1
88	1
88	1
88	1
88	1
88	1
88	1
88	1
88	1
88	1
88	1
88	1
88	1
88	1
88	1
88	1
88	1
88	1
88	1
88	1
88	1
88	1
88	1
88	1
88	1
88	1
88	1
88	1
88	1
88	1
88	1
88	1
88	1
88	1
88	1
88	1
88	1
88	1
88	1
88	1
88	1
88	1
88	1
88	1
88	1
88	1
88	1
88	1
88	1
88	1
88	1
88	1
88	1
88	1
88	2
88	2
88	2
88	2
88	2
88	2
88	2
88	2
88	2
88	2
88	2
88	2
88	2
88	2
88	2
88	2
88	2
88	2
88	2
88	2
88	2
88	2
88	2
88	2
88	2
88	2
88	2
88	2
88	2
88	2
88	2
88	2
88	2
88	2
89	0
89	0
89	0
89	0
89	0
89	0
89	0
89	0
89	0
89	0
89	0
89	0
89	0
89	0
89	0
89	0
89	0
89	0
89	0
89	0
89	0
89	0
89	0
89	0
89	0
89	0
89	0
89	0
89	0
89	0
89	0
89	0
89	0
89	0
89	0
89	0
89	0
89	0
89	0
89	0
89	0
89	0
89	0
89	0
89	0
89	0
89	0
89	0
89	0
89	0
89	0
89	0
89	0
89	0
89	0
89	0
89	0
89	0
89	0
89	0
89	0
89	0
89	0
89	0
89	0
89	0
89	0
89	0
89	0
89	0
89	0
89	0
89	0
89	0
89	0
89	0
89	0
89	0
89	0
89	0
89	0
89	0
89	0
89	0
89	0
89	0
89	0
89	0
89	0
89	0
89	0
89	0
89	0
89	0
89	0
89	0
89	0
89	0
89	0
89	0
89	0
89	0
89	0
89	0
89	0
89	0
89	0
89	0
89	1
89	1
89	1
89	1
89	1
89	1
89	1
89	1
89	1
89	1
89	1
89	1
89	1
89	1
89	1
89	1
89	1
89	1
89	1
89	1
89	1
89	1
89	1
89	1
89	1
89	1
89	1
89	1
89	1
89	1
89	1
89	1
89	1
89	1
89	1
89	1
89	1
89	1
89	1
89	1
89	1
89	1
89	1
89	1
89	1
89	1
89	1
89	1
89	1
89	1
89	1
89	1
89	1
89	1
89	1
89	1
89	1
89	1
89	1
89	1
89	1
89	1
89	1
89	1
89	1
89	1
89	1
89	1
89	1
89	1
89	1
89	1
89	1
89	1
89	1
89	1
89	1
89	1
89	1
89	1
89	1
89	1
89	1
89	1
89	1
89	1
89	1
89	1
89	1
89	1
89	1
89	1
89	1
89	1
89	1
89	1
89	1
89	1
89	1
89	1
89	1
89	1
89	1
89	1
89	1
89	1
89	1
89	1
89	1
89	1
89	1
89	1
89	1
89	1
89	1
89	1
89	1
89	1
89	1
89	1
89	1
89	1
89	1
89	1
89	1
89	1
89	1
89	1
89	1
89	1
89	1
89	1
89	1
89	1
89	1
89	1
89	1
89	1
89	1
89	1
89	1
89	1
89	1
89	1
89	1
89	1
89	1
89	1
89	1
89	1
89	1
89	1
89	1
89	1
89	1
89	1
89	1
89	1
89	1
89	1
89	1
89	1
89	1
89	1
89	1
89	1
89	1
89	1
89	1
89	1
89	1
89	1
89	1
89	1
89	1
89	1
89	1
89	1
89	1
89	1
89	1
89	1
89	1
89	1
89	1
89	1
89	1
89	1
89	1
89	1
89	2
89	2
89	2
89	2
89	2
89	2
89	2
89	2
89	2
89	2
89	2
89	2
89	2
89	2
89	2
89	2
89	2
89	2
89	2
89	2
89	2
89	2
89	2
89	2
89	2
89	2
89	2
89	2
89	2
89	2
89	2
89	2
89	2
89	2
89	2
89	2
89	2
89	2
89	2
89	2
89	2
89	2
89	2
89	2
89	2
89	2
89	2
89	2
89	2
89	2
89	2
89	2
89	2
89	2
89	2
89	2
89	2
89	2
89	2
89	2
90	0
90	0
90	0
90	0
90	0
90	0
90	0
90	0
90	0
90	0
90	0
90	0
90	0
90	0
90	0
90	0
90	0
90	0
90	0
90	0
90	0
90	0
90	0
90	0
90	0
90	0
90	0
90	0
90	0
90	0
90	0
90	0
90	0
90	0
90	0
90	0
90	0
90	0
90	0
90	0
90	0
90	0
90	0
90	0
90	0
90	0
90	0
90	0
90	0
90	0
90	0
90	0
90	0
90	0
90	0
90	0
90	0
90	0
90	0
90	0
90	0
90	0
90	0
90	0
90	0
90	0
90	0
90	0
90	0
90	0
90	0
90	0
90	0
90	0
90	0
90	0
90	0
90	0
90	0
90	0
90	0
90	0
90	0
90	0
90	0
90	0
90	0
90	0
90	0
90	0
90	0
90	0
90	0
90	0
90	0
90	0
90	0
90	0
90	0
90	0
90	0
90	0
90	0
90	0
90	0
90	0
90	0
90	0
90	0
90	0
90	0
90	0
90	1
90	1
90	1
90	1
90	1
90	1
90	1
90	1
90	1
90	1
90	1
90	1
90	1
90	1
90	1
90	1
90	1
90	1
90	1
90	1
90	1
90	1
90	1
90	1
90	1
90	1
90	1
90	1
90	1
90	1
90	1
90	1
90	1
90	1
90	1
90	1
90	1
90	1
90	1
90	1
90	1
90	1
90	1
90	1
90	1
90	1
90	1
90	1
90	1
90	1
90	1
90	1
90	1
90	1
90	1
90	1
90	1
90	1
90	1
90	1
90	1
90	1
90	1
90	1
90	1
90	1
90	1
90	1
90	1
90	1
90	1
90	1
90	1
90	1
90	1
90	1
90	1
90	1
90	1
90	1
90	1
90	1
90	1
90	1
90	1
90	1
90	1
90	1
90	1
90	1
90	1
90	1
90	1
90	1
90	1
90	1
90	1
90	1
90	1
90	1
90	1
90	1
90	1
90	1
90	1
90	1
90	1
90	1
90	1
90	1
90	1
90	1
90	1
90	1
90	1
90	1
90	1
90	1
90	1
90	1
90	1
90	1
90	1
90	1
90	1
90	1
90	1
90	2
90	2
90	2
90	2
90	2
90	2
90	2
90	2
90	2
90	2
90	2
90	2
90	2
90	2
90	2
90	2
90	2
90	2
90	2
90	2
90	2
90	2
90	2
90	2
90	2
90	2
90	2
90	2
90	2
90	2
90	2
90	2
90	2
90	2
90	2
90	2
90	2
90	2
90	2
90	2
90	2
90	2
90	2
90	2
90	2
90	2
90	2
90	2
90	2
90	2
90	2
90	2
90	2
90	2
90	2
90	2
91	0
91	0
91	0
91	0
91	0
91	0
91	0
91	0
91	0
91	0
91	0
91	0
91	0
91	0
91	0
91	0
91	0
91	0
91	0
91	0
91	0
91	0
91	0
91	0
91	0
91	0
91	0
91	0
91	0
91	0
91	0
91	0
91	0
91	0
91	0
91	0
91	0
91	0
91	0
91	0
91	0
91	0
91	0
91	0
91	0
91	0
91	0
91	0
91	0
91	0
91	0
91	0
91	0
91	0
91	0
91	0
91	0
91	0
91	0
91	0
91	0
91	0
91	0
91	0
91	0
91	0
91	0
91	0
91	0
91	0
91	0
91	0
91	0
91	0
91	0
91	0
91	0
91	0
91	0
91	0
91	0
91	0
91	0
91	0
91	0
91	0
91	0
91	0
91	0
91	0
91	0
91	0
91	0
91	0
91	0
91	1
91	1
91	1
91	1
91	1
91	1
91	1
91	1
91	1
91	1
91	1
91	1
91	1
91	1
91	1
91	1
91	1
91	1
91	1
91	1
91	1
91	1
91	1
91	1
91	1
91	1
91	1
91	1
91	1
91	1
91	1
91	1
91	1
91	1
91	1
91	1
91	1
91	1
91	1
91	1
91	1
91	1
91	1
91	1
91	1
91	1
91	1
91	1
91	1
91	1
91	1
91	1
91	1
91	1
91	1
91	1
91	1
91	1
91	1
91	1
91	1
91	1
91	1
91	1
91	1
91	1
91	1
91	1
91	1
91	1
91	1
91	1
91	1
91	1
91	1
91	1
91	1
91	1
91	1
91	1
91	1
91	1
91	1
91	1
91	1
91	1
91	1
91	1
91	1
91	1
91	1
91	1
91	1
91	1
91	1
91	1
91	1
91	1
91	1
91	1
91	1
91	1
91	1
91	1
91	1
91	1
91	1
91	1
91	1
91	1
91	1
91	1
91	1
91	1
91	1
91	1
91	1
91	1
91	1
91	1
91	1
91	1
91	1
91	1
91	1
91	1
91	1
91	1
91	1
91	1
91	1
91	1
91	1
91	1
91	1
91	1
91	1
91	1
91	1
91	1
91	1
91	1
91	1
91	1
91	1
91	1
91	1
91	1
91	1
91	1
91	1
91	1
91	1
91	1
91	1
91	1
91	1
91	1
91	1
91	1
91	1
91	1
91	1
91	1
91	1
91	1
91	1
91	1
91	1
91	1
91	1
91	1
91	1
91	1
91	1
91	1
91	1
91	1
91	2
91	2
91	2
91	2
91	2
91	2
91	2
91	2
91	2
91	2
91	2
91	2
91	2
91	2
91	2
91	2
91	2
91	2
91	2
91	2
91	2
91	2
91	2
91	2
91	2
91	2
91	2
91	2
91	2
91	2
91	2
91	2
91	2
91	2
91	2
91	2
91	2
91	2
91	2
91	2
91	2
91	2
91	2
91	2
91	2
91	2
91	2
91	2
91	2
91	2
91	2
91	2
91	2
91	2
91	2
91	2
91	2
91	2
91	2
91	2
91	2
91	2
91	2
91	2
91	2
91	2
91	2
91	2
91	2
91	2
91	2
91	2
91	2
91	2
91	2
91	2
92	0
92	0
92	0
92	0
92	0
92	0
92	0
92	0
92	0
92	0
92	0
92	0
92	0
92	0
92	0
92	0
92	0
92	0
92	0
92	0
92	0
92	0
92	0
92	0
92	0
92	0
92	0
92	0
92	0
92	0
92	0
92	0
92	0
92	0
92	0
92	0
92	0
92	0
92	0
92	0
92	0
92	0
92	0
92	0
92	0
92	0
92	0
92	0
92	0
92	0
92	0
92	0
92	0
92	0
92	0
92	0
92	0
92	0
92	0
92	0
92	0
92	0
92	0
92	0
92	0
92	0
92	0
92	0
92	0
92	0
92	0
92	0
92	0
92	0
92	0
92	1
92	1
92	1
92	1
92	1
92	1
92	1
92	1
92	1
92	1
92	1
92	1
92	1
92	1
92	1
92	1
92	1
92	1
92	1
92	1
92	1
92	1
92	1
92	1
92	1
92	1
92	1
92	1
92	1
92	1
92	1
92	1
92	1
92	1
92	1
92	1
92	1
92	1
92	1
92	1
92	1
92	1
92	1
92	1
92	1
92	1
92	1
92	1
92	1
92	1
92	1
92	1
92	1
92	1
92	1
92	1
92	1
92	1
92	1
92	1
92	1
92	1
92	1
92	1
92	1
92	1
92	1
92	1
92	1
92	1
92	1
92	1
92	1
92	1
92	1
92	1
92	1
92	1
92	1
92	1
92	1
92	1
92	1
92	1
92	1
92	1
92	1
92	1
92	1
92	1
92	1
92	1
92	1
92	1
92	1
92	1
92	1
92	1
92	1
92	1
92	1
92	1
92	1
92	1
92	1
92	1
92	1
92	1
92	1
92	1
92	1
92	1
92	1
92	1
92	1
92	1
92	1
92	1
92	1
92	1
92	1
92	1
92	1
92	1
92	1
92	1
92	1
92	1
92	1
92	1
92	1
92	1
92	1
92	1
92	1
92	1
92	1
92	1
92	1
92	1
92	1
92	1
92	1
92	1
92	1
92	1
92	1
92	1
92	1
92	1
92	1
92	1
92	2
92	2
92	2
92	2
92	2
92	2
92	2
92	2
92	2
92	2
92	2
92	2
92	2
92	2
92	2
92	2
92	2
92	2
92	2
92	2
92	2
92	2
92	2
92	2
92	2
92	2
92	2
92	2
92	2
92	2
92	2
92	2
92	2
92	2
92	2
92	2
92	2
92	2
92	2
92	2
92	2
92	2
92	2
92	2
92	2
92	2
92	2
92	2
92	2
92	2
92	2
92	2
92	2
92	2
92	2
92	2
92	2
92	2
92	2
92	2
92	2
92	2
92	2
92	2
92	2
92	2
93	0
93	0
93	0
93	0
93	0
93	0
93	0
93	0
93	0
93	0
93	0
93	0
93	0
93	0
93	0
93	0
93	0
93	0
93	0
93	0
93	0
93	0
93	0
93	0
93	0
93	0
93	0
93	0
93	0
93	0
93	0
93	0
93	0
93	0
93	0
93	0
93	0
93	0
93	0
93	0
93	0
93	0
93	0
93	0
93	0
93	0
93	0
93	0
93	0
93	0
93	0
93	0
93	0
93	0
93	0
93	0
93	0
93	0
93	0
93	0
93	0
93	0
93	0
93	0
93	0
93	0
93	0
93	0
93	0
93	0
93	0
93	0
93	0
93	0
93	0
93	0
93	0
93	0
93	0
93	0
93	0
93	0
93	0
93	0
93	0
93	0
93	0
93	0
93	0
93	0
93	0
93	0
93	0
93	0
93	0
93	0
93	0
93	0
93	0
93	0
93	0
93	0
93	0
93	0
93	0
93	0
93	0
93	0
93	0
93	0
93	0
93	0
93	0
93	0
93	0
93	1
93	1
93	1
93	1
93	1
93	1
93	1
93	1
93	1
93	1
93	1
93	1
93	1
93	1
93	1
93	1
93	1
93	1
93	1
93	1
93	1
93	1
93	1
93	1
93	1
93	1
93	1
93	1
93	1
93	1
93	1
93	1
93	1
93	1
93	1
93	1
93	1
93	1
93	1
93	1
93	1
93	1
93	1
93	1
93	1
93	1
93	1
93	1
93	1
93	1
93	1
93	1
93	1
93	1
93	1
93	1
93	1
93	1
93	1
93	1
93	1
93	1
93	1
93	1
93	1
93	1
93	1
93	1
93	1
93	1
93	1
93	1
93	1
93	1
93	1
93	1
93	1
93	1
93	1
93	1
93	1
93	1
93	1
93	1
93	1
93	1
93	1
93	1
93	1
93	1
93	1
93	1
93	1
93	1
93	1
93	1
93	1
93	1
93	1
93	1
93	1
93	1
93	1
93	1
93	1
93	1
93	1
93	1
93	1
93	1
93	1
93	1
93	1
93	1
93	1
93	1
93	1
93	1
93	1
93	1
93	1
93	1
93	1
93	1
93	1
93	1
93	1
93	1
93	1
93	1
93	1
93	1
93	1
93	1
93	1
93	1
93	1
93	1
93	1
93	1
93	1
93	1
93	1
93	1
93	1
93	1
93	1
93	1
93	1
93	1
93	1
93	1
93	1
93	1
93	1
93	1
93	1
93	1
93	1
93	1
93	1
93	1
93	1
93	1
93	1
93	1
93	1
93	1
93	1
93	1
93	1
93	1
93	1
93	1
93	1
93	1
93	1
93	1
93	1
93	1
93	1
93	1
93	1
93	1
93	1
93	1
93	1
93	1
93	1
93	1
93	1
93	1
93	1
93	1
93	1
93	1
93	1
93	1
93	1
93	1
93	1
93	1
93	1
93	1
93	1
93	1
93	1
93	1
93	1
93	1
93	1
93	1
93	1
93	1
93	2
93	2
93	2
93	2
93	2
93	2
93	2
93	2
93	2
93	2
93	2
93	2
93	2
93	2
93	2
93	2
93	2
93	2
93	2
93	2
93	2
93	2
93	2
93	2
93	2
93	2
93	2
93	2
93	2
93	2
93	2
93	2
93	2
93	2
93	2
93	2
93	2
93	2
93	2
93	2
93	2
93	2
93	2
93	2
93	2
93	2
93	2
93	2
93	2
93	2
93	2
93	2
93	2
93	2
93	2
93	2
93	2
93	2
93	2
93	2
93	2
93	2
93	2
93	2
93	2
93	2
93	2
93	2
94	0
94	0
94	0
94	0
94	0
94	0
94	0
94	0
94	0
94	0
94	0
94	0
94	0
94	0
94	0
94	0
94	0
94	0
94	0
94	0
94	0
94	0
94	0
94	0
94	0
94	0
94	0
94	0
94	0
94	0
94	0
94	0
94	0
94	0
94	0
94	0
94	0
94	0
94	0
94	0
94	0
94	0
94	0
94	0
94	0
94	0
94	0
94	0
94	0
94	0
94	0
94	0
94	0
94	0
94	0
94	0
94	0
94	0
94	0
94	0
94	0
94	0
94	0
94	0
94	0
94	0
94	0
94	0
94	0
94	0
94	0
94	0
94	0
94	0
94	0
94	0
94	0
94	0
94	0
94	0
94	1
94	1
94	1
94	1
94	1
94	1
94	1
94	1
94	1
94	1
94	1
94	1
94	1
94	1
94	1
94	1
94	1
94	1
94	1
94	1
94	1
94	1
94	1
94	1
94	1
94	1
94	1
94	1
94	1
94	1
94	1
94	1
94	1
94	1
94	1
94	1
94	1
94	1
94	1
94	1
94	1
94	1
94	1
94	1
94	1
94	1
94	1
94	1
94	1
94	1
94	1
94	1
94	1
94	1
94	1
94	1
94	1
94	1
94	1
94	1
94	1
94	1
94	1
94	1
94	1
94	1
94	1
94	1
94	1
94	1
94	1
94	1
94	1
94	1
94	1
94	1
94	1
94	1
94	1
94	1
94	1
94	1
94	1
94	1
94	1
94	1
94	1
94	1
94	1
94	1
94	1
94	1
94	1
94	1
94	1
94	1
94	1
94	1
94	1
94	1
94	1
94	1
94	1
94	1
94	1
94	1
94	1
94	1
94	1
94	1
94	1
94	1
94	1
94	1
94	1
94	1
94	1
94	1
94	1
94	1
94	1
94	1
94	1
94	1
94	1
94	1
94	1
94	1
94	1
94	1
94	1
94	1
94	1
94	1
94	1
94	1
94	1
94	1
94	1
94	1
94	1
94	1
94	1
94	1
94	1
94	1
94	1
94	1
94	1
94	1
94	1
94	1
94	1
94	1
94	1
94	1
94	1
94	1
94	1
94	1
94	1
94	1
94	1
94	1
94	1
94	1
94	2
94	2
94	2
94	2
94	2
94	2
94	2
94	2
94	2
94	2
94	2
94	2
94	2
94	2
94	2
94	2
94	2
94	2
94	2
94	2
94	2
94	2
94	2
94	2
94	2
94	2
94	2
94	2
94	2
94	2
94	2
94	2
94	2
94	2
94	2
94	2
94	2
94	2
94	2
94	2
94	2
94	2
94	2
94	2
94	2
94	2
94	2
94	2
94	2
94	2
94	2
94	2
94	2
94	2
94	2
94	2
94	2
94	2
94	2
94	2
94	2
95	0
95	0
95	0
95	0
95	0
95	0
95	0
95	0
95	0
95	0
95	0
95	0
95	0
95	0
95	0
95	0
95	0
95	0
95	0
95	0
95	0
95	0
95	0
95	0
95	0
95	0
95	0
95	0
95	0
95	0
95	0
95	0
95	0
95	0
95	0
95	0
95	0
95	0
95	0
95	0
95	0
95	0
95	0
95	0
95	0
95	0
95	0
95	0
95	0
95	0
95	0
95	0
95	0
95	0
95	0
95	0
95	0
95	0
95	0
95	0
95	0
95	0
95	0
95	0
95	0
95	0
95	0
95	0
95	0
95	0
95	0
95	0
95	0
95	0
95	0
95	0
95	0
95	0
95	0
95	0
95	0
95	0
95	0
95	0
95	0
95	0
95	0
95	0
95	0
95	0
95	0
95	0
95	0
95	0
95	0
95	0
95	0
95	0
95	0
95	0
95	0
95	0
95	0
95	0
95	0
95	0
95	0
95	0
95	0
95	0
95	0
95	0
95	0
95	1
95	1
95	1
95	1
95	1
95	1
95	1
95	1
95	1
95	1
95	1
95	1
95	1
95	1
95	1
95	1
95	1
95	1
95	1
95	1
95	1
95	1
95	1
95	1
95	1
95	1
95	1
95	1
95	1
95	1
95	1
95	1
95	1
95	1
95	1
95	1
95	1
95	1
95	1
95	1
95	1
95	1
95	1
95	1
95	1
95	1
95	1
95	1
95	1
95	1
95	1
95	1
95	1
95	1
95	1
95	1
95	1
95	1
95	1
95	1
95	1
95	1
95	1
95	1
95	1
95	1
95	1
95	1
95	1
95	1
95	1
95	1
95	1
95	1
95	1
95	1
95	1
95	1
95	1
95	1
95	1
95	1
95	1
95	1
95	1
95	1
95	1
95	1
95	1
95	1
95	1
95	1
95	1
95	1
95	1
95	1
95	1
95	1
95	1
95	1
95	1
95	1
95	1
95	1
95	1
95	1
95	1
95	1
95	1
95	1
95	1
95	1
95	1
95	1
95	1
95	1
95	1
95	1
95	1
95	1
95	1
95	1
95	1
95	1
95	1
95	1
95	1
95	1
95	1
95	1
95	1
95	1
95	1
95	1
95	1
95	1
95	1
95	1
95	1
95	1
95	1
95	1
95	1
95	1
95	1
95	1
95	1
95	1
95	1
95	1
95	1
95	1
95	1
95	1
95	1
95	1
95	1
95	1
95	1
95	1
95	2
95	2
95	2
95	2
95	2
95	2
95	2
95	2
95	2
95	2
95	2
95	2
95	2
95	2
95	2
95	2
95	2
95	2
95	2
95	2
95	2
95	2
95	2
95	2
95	2
95	2
95	2
95	2
95	2
95	2
95	2
95	2
95	2
95	2
95	2
95	2
95	2
95	2
95	2
95	2
95	2
95	2
95	2
95	2
95	2
95	2
95	2
95	2
95	2
95	2
95	2
95	2
95	2
95	2
95	2
95	2
95	2
95	2
95	2
95	2
95	2
95	2
95	2
95	2
95	2
95	2
95	2
95	2
95	2
95	2
95	2
95	2
95	2
95	2
95	2
95	2
95	2
95	2
95	2
95	2
95	2
95	2
95	2
95	2
95	2
95	2
95	2
95	2
95	2
96	0
96	0
96	0
96	0
96	0
96	0
96	0
96	0
96	0
96	0
96	0
96	0
96	0
96	0
96	0
96	0
96	0
96	0
96	0
96	0
96	0
96	0
96	0
96	0
96	0
96	0
96	0
96	0
96	0
96	0
96	0
96	0
96	0
96	0
96	0
96	0
96	0
96	0
96	0
96	0
96	0
96	0
96	0
96	0
96	0
96	0
96	0
96	0
96	0
96	0
96	0
96	0
96	0
96	0
96	0
96	0
96	0
96	0
96	0
96	0
96	0
96	0
96	0
96	0
96	0
96	0
96	0
96	0
96	0
96	0
96	0
96	0
96	1
96	1
96	1
96	1
96	1
96	1
96	1
96	1
96	1
96	1
96	1
96	1
96	1
96	1
96	1
96	1
96	1
96	1
96	1
96	1
96	1
96	1
96	1
96	1
96	1
96	1
96	1
96	1
96	1
96	1
96	1
96	1
96	1
96	1
96	1
96	1
96	1
96	1
96	1
96	1
96	1
96	1
96	1
96	1
96	1
96	1
96	1
96	1
96	1
96	1
96	1
96	1
96	1
96	1
96	1
96	1
96	1
96	1
96	1
96	1
96	1
96	1
96	1
96	1
96	1
96	1
96	1
96	1
96	1
96	1
96	1
96	1
96	1
96	1
96	1
96	1
96	1
96	1
96	1
96	1
96	1
96	1
96	1
96	1
96	1
96	1
96	1
96	1
96	1
96	1
96	1
96	1
96	1
96	1
96	1
96	1
96	1
96	1
96	1
96	1
96	1
96	1
96	1
96	1
96	1
96	1
96	1
96	1
96	1
96	1
96	1
96	1
96	1
96	1
96	1
96	1
96	1
96	1
96	1
96	1
96	1
96	1
96	1
96	1
96	1
96	1
96	1
96	1
96	1
96	1
96	1
96	1
96	1
96	1
96	1
96	1
96	1
96	1
96	1
96	1
96	1
96	1
96	1
96	1
96	1
96	1
96	1
96	1
96	1
96	1
96	1
96	1
96	1
96	1
96	1
96	1
96	1
96	1
96	1
96	1
96	1
96	2
96	2
96	2
96	2
96	2
96	2
96	2
96	2
96	2
96	2
96	2
96	2
96	2
96	2
96	2
96	2
96	2
96	2
96	2
96	2
96	2
96	2
96	2
96	2
96	2
96	2
96	2
96	2
96	2
96	2
96	2
96	2
96	2
96	2
96	2
96	2
96	2
96	2
96	2
96	2
96	2
96	2
96	2
96	2
96	2
96	2
96	2
96	2
96	2
96	2
96	2
96	2
96	2
96	2
96	2
96	2
96	2
96	2
96	2
96	2
96	2
96	2
96	2
96	2
96	2
96	2
97	0
97	0
97	0
97	0
97	0
97	0
97	0
97	0
97	0
97	0
97	0
97	0
97	0
97	0
97	0
97	0
97	0
97	0
97	0
97	0
97	0
97	0
97	0
97	0
97	0
97	0
97	0
97	0
97	0
97	0
97	0
97	0
97	0
97	0
97	0
97	0
97	0
97	0
97	0
97	0
97	0
97	0
97	0
97	0
97	0
97	0
97	0
97	0
97	0
97	0
97	0
97	0
97	0
97	0
97	0
97	0
97	0
97	0
97	0
97	0
97	0
97	0
97	0
97	0
97	0
97	0
97	0
97	0
97	0
97	0
97	0
97	0
97	0
97	0
97	0
97	0
97	0
97	0
97	0
97	0
97	0
97	0
97	0
97	0
97	0
97	0
97	0
97	0
97	0
97	0
97	0
97	0
97	0
97	0
97	0
97	0
97	1
97	1
97	1
97	1
97	1
97	1
97	1
97	1
97	1
97	1
97	1
97	1
97	1
97	1
97	1
97	1
97	1
97	1
97	1
97	1
97	1
97	1
97	1
97	1
97	1
97	1
97	1
97	1
97	1
97	1
97	1
97	1
97	1
97	1
97	1
97	1
97	1
97	1
97	1
97	1
97	1
97	1
97	1
97	1
97	1
97	1
97	1
97	1
97	1
97	1
97	1
97	1
97	1
97	1
97	1
97	1
97	1
97	1
97	1
97	1
97	1
97	1
97	1
97	1
97	1
97	1
97	1
97	1
97	1
97	1
97	1
97	1
97	1
97	1
97	1
97	1
97	1
97	1
97	1
97	1
97	1
97	1
97	1
97	1
97	1
97	1
97	1
97	1
97	1
97	1
97	1
97	1
97	1
97	1
97	1
97	1
97	1
97	1
97	1
97	1
97	1
97	1
97	1
97	1
97	1
97	1
97	1
97	1
97	1
97	1
97	1
97	1
97	1
97	1
97	1
97	1
97	1
97	1
97	1
97	1
97	1
97	1
97	1
97	1
97	1
97	1
97	1
97	1
97	1
97	1
97	1
97	1
97	1
97	1
97	1
97	1
97	1
97	1
97	1
97	1
97	1
97	1
97	1
97	1
97	1
97	1
97	1
97	1
97	1
97	1
97	1
97	1
97	1
97	1
97	1
97	1
97	1
97	1
97	1
97	1
97	1
97	1
97	2
97	2
97	2
97	2
97	2
97	2
97	2
97	2
97	2
97	2
97	2
97	2
97	2
97	2
97	2
97	2
97	2
97	2
97	2
97	2
97	2
97	2
97	2
97	2
97	2
97	2
97	2
97	2
97	2
97	2
97	2
97	2
97	2
97	2
97	2
97	2
97	2
97	2
97	2
97	2
97	2
97	2
97	2
97	2
97	2
97	2
97	2
97	2
97	2
97	2
97	2
97	2
97	2
97	2
97	2
97	2
97	2
97	2
97	2
97	2
97	2
97	2
97	2
97	2
97	2
97	2
97	2
97	2
97	2
97	2
97	2
97	2
97	2
98	0
98	0
98	0
98	0
98	0
98	0
98	0
98	0
98	0
98	0
98	0
98	0
98	0
98	0
98	0
98	0
98	0
98	0
98	0
98	0
98	0
98	0
98	0
98	0
98	0
98	0
98	0
98	0
98	0
98	0
98	0
98	0
98	0
98	0
98	0
98	0
98	0
98	0
98	0
98	0
98	0
98	0
98	0
98	0
98	0
98	0
98	0
98	0
98	0
98	0
98	0
98	0
98	0
98	0
98	0
98	0
98	0
98	0
98	0
98	0
98	0
98	0
98	0
98	0
98	0
98	0
98	0
98	0
98	0
98	0
98	0
98	0
98	0
98	0
98	0
98	0
98	0
98	0
98	0
98	0
98	0
98	0
98	0
98	0
98	0
98	0
98	0
98	0
98	0
98	0
98	0
98	0
98	0
98	0
98	0
98	0
98	0
98	0
98	0
98	0
98	0
98	0
98	0
98	0
98	0
98	1
98	1
98	1
98	1
98	1
98	1
98	1
98	1
98	1
98	1
98	1
98	1
98	1
98	1
98	1
98	1
98	1
98	1
98	1
98	1
98	1
98	1
98	1
98	1
98	1
98	1
98	1
98	1
98	1
98	1
98	1
98	1
98	1
98	1
98	1
98	1
98	1
98	1
98	1
98	1
98	1
98	1
98	1
98	1
98	1
98	1
98	1
98	1
98	1
98	1
98	1
98	1
98	1
98	1
98	1
98	1
98	1
98	1
98	1
98	1
98	1
98	1
98	1
98	1
98	1
98	1
98	1
98	1
98	1
98	1
98	1
98	1
98	1
98	1
98	1
98	1
98	1
98	1
98	1
98	1
98	1
98	1
98	1
98	1
98	1
98	1
98	1
98	1
98	1
98	1
98	1
98	1
98	1
98	1
98	1
98	1
98	1
98	1
98	1
98	1
98	1
98	1
98	1
98	1
98	1
98	1
98	1
98	1
98	1
98	1
98	1
98	1
98	1
98	1
98	1
98	1
98	1
98	1
98	1
98	1
98	1
98	1
98	1
98	1
98	1
98	1
98	1
98	1
98	1
98	1
98	1
98	1
98	1
98	1
98	1
98	1
98	1
98	1
98	1
98	1
98	1
98	1
98	1
98	1
98	1
98	1
98	1
98	1
98	1
98	1
98	1
98	1
98	1
98	1
98	1
98	1
98	1
98	1
98	1
98	1
98	1
98	1
98	1
98	1
98	1
98	1
98	1
98	1
98	1
98	1
98	1
98	1
98	1
98	1
98	1
98	1
98	1
98	1
98	1
98	1
98	1
98	1
98	1
98	1
98	1
98	1
98	1
98	1
98	1
98	1
98	1
98	1
98	1
98	1
98	1
98	1
98	1
98	1
98	1
98	1
98	1
98	1
98	1
98	1
98	1
98	1
98	1
98	1
98	1
98	1
98	1
98	1
98	1
98	1
98	1
98	1
98	1
98	1
98	1
98	1
98	1
98	1
98	1
98	1
98	1
98	1
98	1
98	1
98	1
98	1
98	1
98	1
98	1
98	1
98	2
98	2
98	2
98	2
98	2
98	2
98	2
98	2
98	2
98	2
98	2
98	2
98	2
98	2
98	2
98	2
98	2
98	2
98	2
98	2
98	2
98	2
98	2
98	2
98	2
98	2
98	2
98	2
98	2
98	2
98	2
98	2
98	2
98	2
98	2
98	2
98	2
98	2
98	2
98	2
98	2
98	2
98	2
98	2
98	2
98	2
98	2
98	2
98	2
98	2
98	2
98	2
98	2
98	2
98	2
98	2
98	2
98	2
98	2
98	2
98	2
98	2
99	0
99	0
99	0
99	0
99	0
99	0
99	0
99	0
99	0
99	0
99	0
99	0
99	0
99	0
99	0
99	0
99	0
99	0
99	0
99	0
99	0
99	0
99	0
99	0
99	0
99	0
99	0
99	0
99	0
99	0
99	0
99	0
99	0
99	0
99	0
99	0
99	0
99	0
99	0
99	0
99	0
99	0
99	0
99	0
99	0
99	0
99	0
99	0
99	0
99	0
99	0
99	0
99	0
99	0
99	0
99	0
99	0
99	0
99	0
99	0
99	0
99	0
99	0
99	0
99	0
99	0
99	0
99	0
99	0
99	0
99	0
99	0
99	0
99	0
99	0
99	0
99	1
99	1
99	1
99	1
99	1
99	1
99	1
99	1
99	1
99	1
99	1
99	1
99	1
99	1
99	1
99	1
99	1
99	1
99	1
99	1
99	1
99	1
99	1
99	1
99	1
99	1
99	1
99	1
99	1
99	1
99	1
99	1
99	1
99	1
99	1
99	1
99	1
99	1
99	1
99	1
99	1
99	1
99	1
99	1
99	1
99	1
99	1
99	1
99	1
99	1
99	1
99	1
99	1
99	1
99	1
99	1
99	1
99	1
99	1
99	1
99	1
99	1
99	1
99	1
99	1
99	1
99	1
99	1
99	1
99	1
99	1
99	1
99	1
99	1
99	1
99	1
99	1
99	1
99	1
99	1
99	1
99	1
99	1
99	1
99	1
99	1
99	1
99	1
99	1
99	1
99	1
99	1
99	1
99	1
99	1
99	1
99	1
99	1
99	1
99	1
99	1
99	1
99	1
99	1
99	1
99	1
99	1
99	1
99	1
99	1
99	1
99	1
99	1
99	1
99	1
99	1
99	1
99	1
99	1
99	1
99	1
99	1
99	1
99	1
99	1
99	1
99	1
99	1
99	1
99	1
99	1
99	1
99	1
99	1
99	1
99	1
99	1
99	1
99	1
99	1
99	1
99	1
99	2
99	2
99	2
99	2
99	2
99	2
99	2
99	2
99	2
99	2
99	2
99	2
99	2
99	2
99	2
99	2
99	2
99	2
99	2
99	2
99	2
99	2
99	2
99	2
99	2
99	2
99	2
99	2
99	2
99	2
99	2
99	2
99	2
99	2
99	2
99	2
99	2
99	2
99	2
99	2
99	2
99	2
99	2
99	2
99	2
99	2
99	2
99	2
99	2
99	2
99	2
99	2
99	2
99	2
99	2
99	2
99	2
99	2
99	2
99	2
99	2
99	2
99	2
99	2
99	2
99	2
99	2
99	2
99	2
99	2
99	2
99	2
99	2
99	2
99	2
99	2
99	2
99	2
99	2
99	2
99	2
99	2
99	2
99	2
99	2
99	2
99	2
99	2
99	2
100	0
100	0
100	0
100	0
100	0
100	0
100	0
100	0
100	0
100	0
100	0
100	0
100	0
100	0
100	0
100	0
100	0
100	0
100	0
100	0
100	0
100	0
100	0
100	0
100	0
100	0
100	0
100	0
100	0
100	0
100	0
100	0
100	0
100	0
100	0
100	0
100	0
100	1
100	1
100	1
100	1
100	1
100	1
100	1
100	1
100	1
100	1
100	1
100	1
100	1
100	1
100	1
100	1
100	1
100	1
100	1
100	1
100	1
100	1
100	1
100	1
100	1
100	1
100	1
100	1
100	1
100	1
100	1
100	1
100	1
100	1
100	1
100	1
100	1
100	1
100	1
100	1
100	1
100	1
100	1
100	1
100	1
100	1
100	1
100	1
100	1
100	1
100	1
100	1
100	1
100	1
100	1
100	1
100	1
100	1
100	1
100	1
100	1
100	1
100	1
100	1
100	1
100	1
100	1
100	2
100	2
100	2
100	2
100	2
100	2
100	2
100	2
100	2
100	2
100	2
100	2
100	2
100	2
100	2
100	2
100	2
100	2
100	2
100	2
100	2
